1,Action,5
1,Adventure,8
1,Sci-Fi,12
1,Thriller,3
2,Action,5
2,Sci-Fi,12
3,Action,5
3,Adventure,8
3,Sci-Fi,12
4,Adventure,8
4,Comedy,2
4,Sci-Fi,12
5,Western,20
6,Animation,16
6,Action,5
6,Adventure,8
6,Family,9
6,Sci-Fi,12
9,Action,5
9,Adventure,8
11,Crime,7
11,Drama,1
12,Comedy,2
12,Drama,1
13,Drama,1
13,Fantasy,13
13,War,17
14,Drama,1
14,Thriller,3
17,Action,5
17,Adventure,8
19,Biography,14
19,Drama,1
19,History,15
20,Drama,1
20,Romance,4
20,Sci-Fi,12
21,Drama,1
22,Biography,14
22,Drama,1
24,Drama,1
24,Romance,4
26,Drama,1
26,Mystery,10
26,Sci-Fi,12
26,Thriller,3
27,Comedy,2
27,Drama,1
27,Romance,4
28,Action,5
28,Sci-Fi,12
28,Thriller,3
30,Drama,1
30,Mystery,10
30,Sci-Fi,12
31,Comedy,2
31,Drama,1
31,Romance,4
32,Crime,7
32,Drama,1
34,Animation,16
34,Action,5
34,Adventure,8
34,Comedy,2
34,Family,9
34,Sci-Fi,12
35,Action,5
35,Biography,14
35,Drama,1
35,Sport,19
37,Action,5
37,Crime,7
37,Mystery,10
37,Sci-Fi,12
37,Thriller,3
41,Animation,16
41,Comedy,2
41,Family,9
41,Fantasy,13
45,Action,5
45,Adventure,8
48,Documentary,11
48,Biography,14
48,Sport,19
51,Crime,7
51,Drama,1
51,Mystery,10
51,Thriller,3
51,Western,20
59,Action,5
59,Drama,1
59,Sci-Fi,12
59,Thriller,3
60,Drama,1
60,Family,9
60,Fantasy,13
60,Mystery,10
67,Biography,14
67,Crime,7
67,Drama,1
69,Action,5
69,Crime,7
69,Drama,1
72,Action,5
72,Crime,7
72,Drama,1
72,Thriller,3
79,Drama,1
85,Comedy,2
85,Drama,1
86,Action,5
86,Drama,1
86,War,17
91,Biography,14
91,Comedy,2
91,Drama,1
92,Action,5
92,Adventure,8
92,Drama,1
92,Fantasy,13
92,Romance,4
96,Biography,14
96,Comedy,2
96,Drama,1
97,Documentary,11
97,Sport,19
97,Thriller,3
101,Comedy,2
101,Drama,1
101,History,15
113,Action,5
113,Thriller,3
115,Drama,1
115,Romance,4
117,Horror,6
117,Music,18
117,Thriller,3
118,Animation,16
118,Action,5
118,Adventure,8
118,Comedy,2
118,Family,9
118,Fantasy,13
119,Comedy,2
119,Drama,1
119,Musical,21
119,Mystery,10
119,Romance,4
119,Western,20
122,Animation,16
122,Action,5
122,Adventure,8
122,Family,9
122,Mystery,10
137,Action,5
137,Adventure,8
137,Sci-Fi,12
138,Biography,14
138,Drama,1
140,Animation,16
140,Action,5
140,Adventure,8
140,Comedy,2
140,Family,9
140,Fantasy,13
141,Drama,1
143,Crime,7
143,Drama,1
144,Drama,1
144,War,17
146,Crime,7
146,Drama,1
146,Thriller,3
155,Action,5
155,Crime,7
155,Drama,1
155,Thriller,3
157,Horror,6
157,Thriller,3
158,Biography,14
158,Drama,1
158,History,15
164,Horror,6
164,Mystery,10
164,Thriller,3
165,Documentary,11
165,War,17
167,Drama,1
168,Comedy,2
168,Drama,1
170,Animation,16
170,Drama,1
170,Family,9
170,War,17
171,Drama,1
174,Crime,7
174,Drama,1
179,Action,5
179,Adventure,8
179,Comedy,2
179,Romance,4
179,Thriller,3
179,Western,20
180,Drama,1
180,Sport,19
182,Animation,16
182,Adventure,8
182,Comedy,2
182,Family,9
182,Fantasy,13
187,Action,5
187,Adventure,8
187,Drama,1
187,History,15
187,War,17
190,Action,5
190,Crime,7
190,Drama,1
190,Thriller,3
195,Horror,6
195,Mystery,10
195,Thriller,3
198,Action,5
198,Thriller,3
199,Biography,14
199,Drama,1
199,Romance,4
201,Drama,1
201,Horror,6
201,Sci-Fi,12
203,Drama,1
203,Western,20
206,Documentary,11
206,History,15
211,Drama,1
211,Fantasy,13
211,Romance,4
212,Drama,1
212,History,15
212,Thriller,3
217,Drama,1
217,Mystery,10
217,Thriller,3
220,Action,5
220,Adventure,8
227,Action,5
227,Thriller,3
229,Comedy,2
229,Family,9
229,Fantasy,13
229,Musical,21
235,Documentary,11
236,Action,5
236,Crime,7
236,Drama,1
236,Sci-Fi,12
236,Thriller,3
237,Action,5
237,Mystery,10
237,Thriller,3
238,Comedy,2
238,Drama,1
241,Documentary,11
243,Comedy,2
243,Drama,1
243,Sci-Fi,12
249,Animation,16
249,Adventure,8
249,Comedy,2
249,Family,9
250,Documentary,11
250,Short,22
250,Crime,7
250,War,17
258,Documentary,11
258,Sport,19
261,Horror,6
261,Mystery,10
261,Thriller,3
264,Biography,14
264,Drama,1
264,History,15
264,Thriller,3
265,Biography,14
265,Drama,1
267,Drama,1
267,Music,18
269,Action,5
269,Biography,14
269,Drama,1
269,War,17
275,Action,5
275,Thriller,3
288,Crime,7
288,Drama,1
288,Thriller,3
295,Biography,14
295,Crime,7
295,Drama,1
295,Mystery,10
295,Thriller,3
298,Horror,6
298,Thriller,3
300,Horror,6
300,Thriller,3
306,Drama,1
306,Romance,4
307,Crime,7
307,Drama,1
307,Horror,6
307,Mystery,10
307,Thriller,3
309,Documentary,11
309,Biography,14
310,Comedy,2
310,Drama,1
310,Music,18
310,Mystery,10
320,Action,5
320,Crime,7
320,Drama,1
320,Mystery,10
320,Thriller,3
321,Comedy,2
321,Drama,1
322,Action,5
322,Adventure,8
322,Drama,1
322,Family,9
322,Fantasy,13
324,Animation,16
324,Adventure,8
324,Comedy,2
324,Family,9
324,Sci-Fi,12
324,Sport,19
328,Drama,1
328,Mystery,10
328,Thriller,3
335,Action,5
335,Comedy,2
335,Crime,7
338,Horror,6
338,Mystery,10
341,Action,5
341,Adventure,8
341,Comedy,2
343,Action,5
343,Drama,1
343,Thriller,3
348,Horror,6
348,Thriller,3
350,Drama,1
350,Thriller,3
358,Action,5
358,Biography,14
358,Drama,1
358,History,15
358,War,17
361,Drama,1
366,Drama,1
368,Biography,14
368,Drama,1
368,Sport,19
369,Drama,1
377,Comedy,2
377,Romance,4
380,Crime,7
380,Drama,1
380,Horror,6
380,Thriller,3
381,Comedy,2
381,Drama,1
381,Romance,4
389,Biography,14
389,Drama,1
389,History,15
389,Romance,4
397,Biography,14
397,Comedy,2
397,Drama,1
397,Music,18
397,Romance,4
407,Action,5
407,Comedy,2
407,Thriller,3
411,Drama,1
411,History,15
413,Action,5
413,Adventure,8
413,Sci-Fi,12
426,Animation,16
426,Action,5
426,Adventure,8
426,Comedy,2
426,Family,9
426,Sci-Fi,12
427,Horror,6
427,Mystery,10
427,Thriller,3
428,Crime,7
428,Drama,1
429,Documentary,11
430,Action,5
430,Fantasy,13
430,Sci-Fi,12
430,Thriller,3
433,Drama,1
435,Drama,1
435,Romance,4
441,Adventure,8
441,Drama,1
441,Thriller,3
442,Comedy,2
442,Drama,1
442,Romance,4
447,Crime,7
447,Drama,1
447,Mystery,10
447,Thriller,3
454,Action,5
454,Comedy,2
454,Crime,7
454,Drama,1
454,Thriller,3
463,Biography,14
463,Drama,1
463,Music,18
465,Comedy,2
465,Romance,4
468,Drama,1
468,Fantasy,13
468,Horror,6
468,Mystery,10
468,Thriller,3
472,Drama,1
472,Romance,4
476,Comedy,2
476,Family,9
476,Fantasy,13
478,Drama,1
478,War,17
486,Action,5
486,Fantasy,13
487,Crime,7
487,Drama,1
487,Mystery,10
487,Thriller,3
491,Animation,16
491,Adventure,8
491,Comedy,2
491,Family,9
492,Adventure,8
492,Crime,7
492,Drama,1
492,Mystery,10
492,Thriller,3
494,Comedy,2
494,Drama,1
494,Romance,4
501,Action,5
501,Crime,7
501,Drama,1
501,Thriller,3
503,Biography,14
503,Drama,1
503,Family,9
503,Sport,19
510,Drama,1
510,Horror,6
510,Mystery,10
510,Thriller,3
512,Biography,14
512,Drama,1
512,Family,9
512,Romance,4
516,Action,5
516,Drama,1
516,Romance,4
516,Sci-Fi,12
516,Thriller,3
520,Action,5
520,Drama,1
520,Sci-Fi,12
523,Drama,1
523,History,15
523,Thriller,3
525,Documentary,11
525,History,15
536,Drama,1
536,History,15
536,Thriller,3
539,Documentary,11
541,Action,5
541,Adventure,8
541,Fantasy,13
541,Sci-Fi,12
541,Thriller,3
548,Action,5
548,Drama,1
551,Comedy,2
551,Drama,1
552,Comedy,2
554,Action,5
554,Comedy,2
554,Crime,7
554,Thriller,3
557,Crime,7
557,Thriller,3
563,Action,5
563,Adventure,8
563,Fantasy,13
563,Horror,6
563,Sci-Fi,12
563,Thriller,3
564,Action,5
564,Thriller,3
586,Drama,1
586,Romance,4
586,Sport,19
587,Drama,1
588,Action,5
588,Drama,1
588,Thriller,3
588,War,17
591,Comedy,2
591,Drama,1
591,Romance,4
598,Drama,1
598,Fantasy,13
598,Horror,6
598,Thriller,3
600,Documentary,11
603,Comedy,2
603,Drama,1
603,Romance,4
608,Drama,1
608,Family,9
610,Documentary,11
610,Biography,14
610,Sport,19
611,Comedy,2
611,Sci-Fi,12
614,Biography,14
614,Drama,1
615,Action,5
615,Crime,7
615,Drama,1
615,Thriller,3
620,Action,5
620,Crime,7
620,Drama,1
620,Sci-Fi,12
622,Drama,1
636,Biography,14
636,Drama,1
636,History,15
636,War,17
637,Drama,1
640,Drama,1
640,Romance,4
640,War,17
645,Horror,6
645,Thriller,3
650,Action,5
650,Sci-Fi,12
658,Documentary,11
659,Action,5
659,Drama,1
659,Sci-Fi,12
659,Thriller,3
672,Horror,6
672,Mystery,10
672,Thriller,3
680,Action,5
680,Crime,7
680,Thriller,3
683,Comedy,2
683,Family,9
684,Drama,1
701,Crime,7
701,Mystery,10
701,Sci-Fi,12
701,Thriller,3
702,Adventure,8
702,Comedy,2
702,Drama,1
702,Family,9
702,Fantasy,13
705,Crime,7
705,Drama,1
705,Thriller,3
706,Drama,1
707,Comedy,2
707,Drama,1
712,Crime,7
712,Drama,1
712,Horror,6
712,Mystery,10
712,Thriller,3
716,Comedy,2
716,Crime,7
716,Drama,1
716,Fantasy,13
716,Mystery,10
716,Thriller,3
717,Horror,6
717,Thriller,3
728,Animation,16
728,Adventure,8
728,Comedy,2
728,Family,9
728,Fantasy,13
737,Action,5
737,Adventure,8
737,Comedy,2
737,Crime,7
741,Comedy,2
741,Drama,1
741,Romance,4
744,Drama,1
744,Thriller,3
745,Drama,1
745,Mystery,10
745,Romance,4
745,Thriller,3
748,Documentary,11
748,Crime,7
749,Comedy,2
749,Drama,1
749,Romance,4
760,Adventure,8
760,Drama,1
760,Horror,6
760,Thriller,3
769,Comedy,2
769,Fantasy,13
769,Horror,6
769,Thriller,3
774,Action,5
774,Adventure,8
774,Sci-Fi,12
779,Drama,1
779,Fantasy,13
779,Horror,6
779,Thriller,3
789,Comedy,2
795,Action,5
795,Adventure,8
795,Fantasy,13
795,Horror,6
795,Sci-Fi,12
795,Thriller,3
799,Action,5
799,Drama,1
799,Western,20
803,Adventure,8
803,Drama,1
803,History,15
813,Comedy,2
813,Drama,1
825,Action,5
825,Adventure,8
825,Crime,7
825,Mystery,10
825,Romance,4
825,Thriller,3
827,Drama,1
834,Documentary,11
836,Action,5
836,Adventure,8
836,Family,9
836,Fantasy,13
836,Sci-Fi,12
836,Thriller,3
849,Biography,14
849,Drama,1
849,History,15
849,Romance,4
857,Documentary,11
859,Action,5
859,Comedy,2
859,Crime,7
859,Drama,1
867,Thriller,3
872,Documentary,11
872,Biography,14
873,Comedy,2
873,Crime,7
873,Romance,4
873,Thriller,3
890,Drama,1
890,History,15
892,Action,5
892,Adventure,8
892,Horror,6
892,Sci-Fi,12
892,Thriller,3
896,Adventure,8
896,Drama,1
896,Horror,6
896,Mystery,10
896,Sci-Fi,12
896,Thriller,3
903,Comedy,2
903,Drama,1
907,Documentary,11
908,Biography,14
908,Drama,1
908,Sport,19
911,Crime,7
911,Drama,1
911,Mystery,10
911,Thriller,3
912,Action,5
912,Comedy,2
912,Crime,7
918,Action,5
918,Drama,1
918,Sci-Fi,12
918,Thriller,3
919,Drama,1
919,Romance,4
928,Crime,7
928,Drama,1
928,Mystery,10
928,Sci-Fi,12
928,Thriller,3
946,Action,5
946,Crime,7
946,Drama,1
951,Comedy,2
951,Drama,1
951,War,17
978,Drama,1
978,Romance,4
978,Sci-Fi,12
986,Documentary,11
986,Biography,14
991,Adventure,8
991,Comedy,2
991,Family,9
991,Fantasy,13
991,Horror,6
1004,Biography,14
1004,Drama,1
1004,History,15
1004,Mystery,10
1004,Romance,4
1004,War,17
1009,Animation,16
1009,Adventure,8
1009,Comedy,2
1009,Family,9
1009,Fantasy,13
1013,Action,5
1013,Adventure,8
1013,Thriller,3
1016,Horror,6
1016,Thriller,3
1036,Drama,1
1036,Horror,6
1036,Thriller,3
1053,Documentary,11
1054,Drama,1
1055,Crime,7
1055,Drama,1
1055,Fantasy,13
1055,Mystery,10
1055,Thriller,3
1057,Adventure,8
1057,Family,9
1057,Fantasy,13
1064,Crime,7
1064,Horror,6
1064,Mystery,10
1064,Thriller,3
1069,Action,5
1071,Drama,1
1071,Horror,6
1071,Mystery,10
1076,Crime,7
1076,Drama,1
1076,Horror,6
1076,Thriller,3
1090,Animation,16
1090,Short,22
1090,Comedy,2
1090,Family,9
1090,Fantasy,13
1100,Comedy,2
1114,Crime,7
1114,Drama,1
1114,Mystery,10
1114,Thriller,3
1118,Comedy,2
1118,Drama,1
1118,Romance,4
1122,Crime,7
1122,Mystery,10
1122,Sci-Fi,12
1122,Thriller,3
1124,Action,5
1124,Comedy,2
1124,Crime,7
1124,Thriller,3
1127,Documentary,11
1145,Horror,6
1145,Thriller,3
1152,Action,5
1152,Drama,1
1152,Thriller,3
1157,Comedy,2
1157,Drama,1
1171,Comedy,2
1171,Drama,1
1171,Romance,4
1175,Action,5
1175,Thriller,3
1177,Drama,1
1177,Family,9
1190,Documentary,11
1200,Action,5
1200,Drama,1
1200,History,15
1200,Romance,4
1200,War,17
1212,Action,5
1212,Adventure,8
1212,Drama,1
1212,Fantasy,13
1222,Horror,6
1233,Comedy,2
1233,Drama,1
1237,Action,5
1237,Adventure,8
1237,Crime,7
1237,Thriller,3
1241,Action,5
1241,Adventure,8
1241,Comedy,2
1247,Action,5
1247,Crime,7
1247,Drama,1
1247,Mystery,10
1247,Thriller,3
1273,Comedy,2
1273,Family,9
1273,Romance,4
1281,Comedy,2
1281,Drama,1
1281,Family,9
1290,Comedy,2
1290,Romance,4
1301,Action,5
1301,Drama,1
1301,Sci-Fi,12
1321,Comedy,2
1324,Documentary,11
1324,Drama,1
1324,Romance,4
1333,Thriller,3
1347,Documentary,11
1353,Comedy,2
1353,Drama,1
1353,Romance,4
1360,Action,5
1360,Adventure,8
1360,Drama,1
1360,Romance,4
1360,Thriller,3
1365,Biography,14
1365,Drama,1
1365,Sport,19
1368,Documentary,11
1368,Comedy,2
1368,Drama,1
1369,Drama,1
1369,Thriller,3
1387,Horror,6
1387,Mystery,10
1387,Thriller,3
1409,Horror,6
1409,Mystery,10
1409,Thriller,3
1420,Horror,6
1421,Crime,7
1421,Drama,1
1421,Mystery,10
1421,Thriller,3
1428,Action,5
1428,Crime,7
1428,Drama,1
1428,Thriller,3
1430,Comedy,2
1430,Drama,1
1430,Romance,4
1437,Crime,7
1437,Drama,1
1437,Mystery,10
1437,Thriller,3
1439,Action,5
1439,Adventure,8
1439,Drama,1
1439,History,15
1449,Comedy,2
1449,Drama,1
1453,Action,5
1453,Crime,7
1453,Drama,1
1453,Thriller,3
1456,Crime,7
1456,Drama,1
1456,Mystery,10
1456,Romance,4
1456,Thriller,3
1457,Action,5
1457,Drama,1
1457,History,15
1457,Horror,6
1457,Romance,4
1457,Thriller,3
1457,War,17
1457,Western,20
1459,Documentary,11
1460,Action,5
1460,Crime,7
1460,Drama,1
1461,Drama,1
1461,Sci-Fi,12
1471,Action,5
1471,Thriller,3
1491,Animation,16
1491,Adventure,8
1491,Family,9
1491,Fantasy,13
1501,Action,5
1501,Adventure,8
1501,Family,9
1501,Fantasy,13
1523,Animation,16
1523,Short,22
1523,Adventure,8
1523,Family,9
1552,Crime,7
1552,Drama,1
1552,Mystery,10
1600,Action,5
1600,Crime,7
1600,Drama,1
1600,Thriller,3
1607,Action,5
1607,Adventure,8
1607,Drama,1
1607,Fantasy,13
1607,Sci-Fi,12
1624,Crime,7
1624,Drama,1
1624,Thriller,3
1660,Crime,7
1660,Horror,6
1660,Thriller,3
1668,Action,5
1668,Crime,7
1668,Thriller,3
1688,Drama,1
1688,Mystery,10
1688,Thriller,3
1689,Action,5
1689,Adventure,8
1689,Horror,6
1689,Sci-Fi,12
1689,Thriller,3
1690,Horror,6
1690,Mystery,10
1691,Crime,7
1691,Horror,6
1691,Mystery,10
1691,Thriller,3
1702,Drama,1
1704,Comedy,2
1704,Drama,1
1704,Romance,4
1709,Crime,7
1709,Drama,1
1709,Thriller,3
1710,Horror,6
1710,Mystery,10
1710,Thriller,3
1717,Action,5
1717,Comedy,2
1723,Horror,6
1723,Thriller,3
1731,Action,5
1731,Thriller,3
1744,Drama,1
1744,Fantasy,13
1744,Horror,6
1744,Mystery,10
1744,Thriller,3
1752,Action,5
1752,Adventure,8
1752,Comedy,2
1752,Family,9
1752,Sci-Fi,12
1766,Documentary,11
1790,Drama,1
1802,Drama,1
1802,History,15
1817,Comedy,2
1817,Romance,4
1834,Drama,1
1871,Documentary,11
1881,Action,5
1881,Crime,7
1881,Thriller,3
1895,Action,5
1895,Adventure,8
1895,Comedy,2
1934,Drama,1
1934,Mystery,10
1934,Thriller,3
1948,Action,5
1948,Adventure,8
1948,Fantasy,13
1974,Action,5
1974,Comedy,2
2003,Comedy,2
2011,Comedy,2
2011,Drama,1
2011,Family,9
2011,Sport,19
2017,Crime,7
2017,Thriller,3
2036,Action,5
2036,Adventure,8
2036,Comedy,2
2036,Family,9
2036,Fantasy,13
2082,Animation,16
2082,Adventure,8
2082,Comedy,2
2082,Family,9
2124,Action,5
2124,Drama,1
2124,War,17
2129,Crime,7
2129,Drama,1
2129,Sci-Fi,12
2141,Action,5
2141,Crime,7
2141,Drama,1
2141,Thriller,3
2143,Action,5
2143,Adventure,8
2143,Drama,1
2143,Fantasy,13
2146,Adventure,8
2146,Family,9
2146,Mystery,10
2164,Documentary,11
2166,Documentary,11
2197,Thriller,3
2206,Crime,7
2206,Drama,1
2206,Mystery,10
2206,Thriller,3
2238,Documentary,11
2257,Action,5
2304,Comedy,2
2317,Action,5
2317,Drama,1
2317,Horror,6
2317,Sci-Fi,12
2317,Thriller,3
2317,War,17
2320,Documentary,11
2320,Crime,7
2320,Drama,1
2320,Horror,6
2320,Mystery,10
2333,Comedy,2
2333,Drama,1
2333,Romance,4
2350,Drama,1
2357,Comedy,2
2357,Drama,1
2361,Documentary,11
2361,Short,22
2397,Drama,1
2397,Horror,6
2397,Mystery,10
2397,Thriller,3
2398,Horror,6
2401,Documentary,11
2439,Comedy,2
2439,Drama,1
2467,Drama,1
2467,Sport,19
2517,Adventure,8
2517,Comedy,2
2517,Family,9
2517,Fantasy,13
2517,Sci-Fi,12
2547,Horror,6
2547,Sci-Fi,12
2547,Thriller,3
2596,Drama,1
2596,Romance,4
2612,Drama,1
2612,Sci-Fi,12
2612,Thriller,3
2642,Drama,1
2643,Action,5
2643,Crime,7
2643,Drama,1
2661,Drama,1
2661,Fantasy,13
2661,Mystery,10
2661,Romance,4
2661,Thriller,3
2675,Action,5
2675,Adventure,8
2675,Comedy,2
2675,Crime,7
2675,Family,9
2675,Mystery,10
2685,Action,5
2691,Drama,1
2691,Sport,19
2698,Comedy,2
2698,Drama,1
2700,Comedy,2
2706,Crime,7
2706,Drama,1
2757,Comedy,2
2773,Drama,1
2808,Action,5
2808,Adventure,8
2808,History,15
2839,Action,5
2839,Crime,7
2914,Action,5
2914,Adventure,8
2914,Fantasy,13
2943,Comedy,2
2943,Drama,1
2943,Music,18
2949,Action,5
2949,Sci-Fi,12
2949,Thriller,3
2972,Comedy,2
2972,Crime,7
2972,Thriller,3
3007,Romance,4
3007,Comedy,2
3019,Drama,1
3023,Drama,1
3188,Comedy,2
3234,Horror,6
3234,Thriller,3
3325,Animation,16
3325,Comedy,2
3325,Family,9
3325,Fantasy,13
3325,Sport,19
3365,Action,5
3365,Sci-Fi,12
3365,Thriller,3
3377,Comedy,2
3561,Action,5
3561,Crime,7
3561,Drama,1
3561,Thriller,3
3563,Comedy,2
3563,Drama,1
3563,Thriller,3
3564,Drama,1
3564,Romance,4
3566,Action,5
3566,Adventure,8
3569,Adventure,8
3569,Comedy,2
3569,Fantasy,13
3569,Sci-Fi,12
3570,Drama,1
3570,Horror,6
3570,Sci-Fi,12
3576,Adventure,8
3576,Comedy,2
3576,Drama,1
3580,Horror,6
3580,Mystery,10
3580,Thriller,3
3581,Documentary,11
3581,Adventure,8
3581,Sport,19
3582,Comedy,2
3582,Drama,1
3588,Animation,16
3588,Action,5
3588,Adventure,8
3588,Family,9
3588,Fantasy,13
3590,Action,5
3590,Adventure,8
3590,Sci-Fi,12
3592,Comedy,2
3593,Mystery,10
3593,Sci-Fi,12
3593,Thriller,3
3595,Drama,1
3595,Horror,6
3595,Mystery,10
3595,Sci-Fi,12
3595,Thriller,3
3596,Adventure,8
3596,Drama,1
3596,Horror,6
3596,Mystery,10
3596,Sci-Fi,12
3596,Thriller,3
3597,Comedy,2
3597,Crime,7
3598,Adventure,8
3598,Horror,6
3598,Thriller,3
3600,Biography,14
3600,Comedy,2
3600,Drama,1
3600,Sport,19
3601,Action,5
3601,Adventure,8
3601,Sci-Fi,12
3603,Comedy,2
3603,Drama,1
3608,Drama,1
3608,Fantasy,13
3608,Horror,6
3608,Mystery,10
3608,Thriller,3
3609,Documentary,11
3609,Biography,14
3609,Drama,1
3609,History,15
3609,Mystery,10
3610,Comedy,2
3610,Crime,7
3610,Drama,1
3610,Mystery,10
3610,Thriller,3
3612,Animation,16
3612,Biography,14
3612,Crime,7
3612,Drama,1
3612,Family,9
3612,Mystery,10
3614,Documentary,11
3614,Drama,1
3616,Animation,16
3616,Adventure,8
3616,Comedy,2
3616,Family,9
3616,Fantasy,13
3618,Action,5
3618,Drama,1
3618,History,15
3618,Thriller,3
3620,Animation,16
3620,Action,5
3620,Adventure,8
3620,Fantasy,13
3620,Thriller,3
3624,Adventure,8
3624,Drama,1
3628,Crime,7
3628,Drama,1
3628,Romance,4
3628,Thriller,3
3629,Action,5
3629,Adventure,8
3629,Sci-Fi,12
3629,Thriller,3
3635,Drama,1
3635,Sport,19
3638,Documentary,11
3639,Comedy,2
3639,Drama,1
3639,Western,20
3642,Drama,1
3642,Romance,4
3651,Crime,7
3651,Drama,1
3651,Western,20
3653,Adventure,8
3653,Drama,1
3653,Thriller,3
3657,Drama,1
3657,Western,20
3658,Comedy,2
3662,Documentary,11
3662,News,23
3666,Action,5
3666,Crime,7
3666,Drama,1
3666,Romance,4
3666,Thriller,3
3667,Biography,14
3667,Drama,1
3667,War,17
3677,Biography,14
3677,Drama,1
3677,Family,9
3677,Music,18
3680,Biography,14
3680,Drama,1
3680,Romance,4
3682,Documentary,11
3683,Comedy,2
3683,Drama,1
3684,Crime,7
3684,Drama,1
3684,Thriller,3
3685,Action,5
3685,Biography,14
3685,Drama,1
3685,History,15
3685,Romance,4
3685,Thriller,3
3685,War,17
3686,Animation,16
3686,Adventure,8
3686,Comedy,2
3686,Family,9
3686,Fantasy,13
3688,Comedy,2
3688,Drama,1
3688,Romance,4
3690,Crime,7
3690,Mystery,10
3690,Thriller,3
3691,Comedy,2
3695,Crime,7
3695,Drama,1
3695,Thriller,3
3697,Sci-Fi,12
3697,Thriller,3
3698,Comedy,2
3698,Drama,1
3698,Fantasy,13
3698,Sci-Fi,12
3698,Thriller,3
3699,Drama,1
3699,Mystery,10
3700,Horror,6
3700,Mystery,10
3705,Drama,1
3705,Sci-Fi,12
3705,Thriller,3
3705,Western,20
3706,Drama,1
3706,Thriller,3
3707,Comedy,2
3707,Drama,1
3707,Romance,4
3709,Biography,14
3709,Drama,1
3709,History,15
3709,Romance,4
3715,Drama,1
3715,Fantasy,13
3715,Thriller,3
3719,Action,5
3719,Thriller,3
3720,Drama,1
3720,Mystery,10
3720,Sci-Fi,12
3720,Thriller,3
3722,Crime,7
3722,Drama,1
3722,Thriller,3
3724,Horror,6
3724,Thriller,3
3725,Comedy,2
3725,Drama,1
3725,Music,18
3727,Drama,1
3727,Mystery,10
3727,Thriller,3
3729,Biography,14
3729,Drama,1
3729,Sport,19
3729,Thriller,3
3731,Drama,1
3733,Comedy,2
3733,Romance,4
3738,Biography,14
3738,Drama,1
3738,History,15
3738,Thriller,3
3738,War,17
3742,Action,5
3742,Horror,6
3742,Sci-Fi,12
3742,Thriller,3
3745,Action,5
3745,Mystery,10
3745,Thriller,3
3749,Comedy,2
3749,Drama,1
3754,Crime,7
3754,Mystery,10
3754,Thriller,3
3755,Documentary,11
3755,Crime,7
3755,History,15
3760,Drama,1
3764,Drama,1
3764,Fantasy,13
3764,Romance,4
3766,Biography,14
3766,Drama,1
3766,Sport,19
3769,Documentary,11
3769,Biography,14
3769,Comedy,2
3769,History,15
3770,Documentary,11
3770,Music,18
3773,Crime,7
3773,Drama,1
3773,Thriller,3
3779,Action,5
3779,Crime,7
3779,Drama,1
3779,Thriller,3
3783,Documentary,11
3787,Comedy,2
3787,Drama,1
3794,Drama,1
3794,Romance,4
3798,Drama,1
3798,Western,20
3801,Crime,7
3801,Mystery,10
3801,Thriller,3
3806,Adventure,8
3806,Mystery,10
3806,Sci-Fi,12
3809,Fantasy,13
3809,Horror,6
3809,Thriller,3
3811,Action,5
3811,Comedy,2
3812,Horror,6
3812,Thriller,3
3816,Documentary,11
3816,Music,18
3819,Drama,1
3819,Horror,6
3819,Mystery,10
3819,Thriller,3
3822,Drama,1
3822,Romance,4
3826,Comedy,2
3826,Drama,1
3826,Family,9
3826,Romance,4
3827,Action,5
3827,Comedy,2
3827,Crime,7
3827,Drama,1
3827,Horror,6
3827,Thriller,3
3830,Drama,1
3830,Horror,6
3830,Mystery,10
3830,Thriller,3
3840,Action,5
3840,Adventure,8
3840,Comedy,2
3840,Horror,6
3840,Sci-Fi,12
3840,Thriller,3
3843,Crime,7
3843,Drama,1
3843,Western,20
3852,Biography,14
3852,Drama,1
3852,History,15
3853,Documentary,11
3853,Biography,14
3857,Adventure,8
3857,Drama,1
3857,Sci-Fi,12
3857,War,17
3861,Documentary,11
3863,Comedy,2
3863,Drama,1
3863,Romance,4
3864,Crime,7
3864,Drama,1
3864,Thriller,3
3865,Horror,6
3865,Mystery,10
3865,Thriller,3
3866,Comedy,2
3866,Romance,4
3869,Action,5
3869,Adventure,8
3869,Fantasy,13
3869,Sci-Fi,12
3870,Comedy,2
3870,Drama,1
3871,Documentary,11
3871,Music,18
3873,Comedy,2
3873,Crime,7
3873,Drama,1
3876,Comedy,2
3876,Horror,6
3876,Thriller,3
3877,Drama,1
3877,Romance,4
3879,Drama,1
3879,Horror,6
3879,Sci-Fi,12
3881,Documentary,11
3882,Drama,1
3882,Sport,19
3884,Drama,1
3884,Sci-Fi,12
3885,Drama,1
3885,Romance,4
3889,Action,5
3889,Sci-Fi,12
3892,Drama,1
3896,Animation,16
3896,Adventure,8
3896,Comedy,2
3896,Family,9
3896,Fantasy,13
3897,Comedy,2
3897,Romance,4
3899,Biography,14
3899,Drama,1
3899,Music,18
3903,Comedy,2
3903,Drama,1
3903,Music,18
3903,Romance,4
3906,Drama,1
3906,Sci-Fi,12
3919,Documentary,11
3920,Horror,6
3920,Thriller,3
3924,Comedy,2
3924,Crime,7
3937,Action,5
3937,Adventure,8
3937,Drama,1
3937,Fantasy,13
3937,Horror,6
3937,Sci-Fi,12
3937,Thriller,3
3938,Horror,6
3938,Thriller,3
3941,Drama,1
3942,Drama,1
3942,Romance,4
3942,War,17
3946,Horror,6
3946,Mystery,10
3946,Sci-Fi,12
3946,Thriller,3
3947,Comedy,2
3947,Drama,1
3950,Drama,1
3950,Horror,6
3950,Thriller,3
3951,Animation,16
3951,Adventure,8
3951,Comedy,2
3951,Family,9
3951,Fantasy,13
3954,Drama,1
3954,Horror,6
3954,Thriller,3
3955,Drama,1
3955,Romance,4
3955,Thriller,3
3958,Drama,1
3962,Documentary,11
3972,Drama,1
3972,Sport,19
3981,Comedy,2
3981,Drama,1
3989,Adventure,8
3989,Comedy,2
3989,Crime,7
3989,Drama,1
3989,Romance,4
3989,Western,20
3990,Documentary,11
3990,Drama,1
3995,Horror,6
3995,Thriller,3
3998,Fantasy,13
3998,Horror,6
3998,Sci-Fi,12
3998,Thriller,3
4002,Comedy,2
4002,Horror,6
4004,Action,5
4004,Drama,1
4004,History,15
4005,Animation,16
4005,Adventure,8
4005,Comedy,2
4005,Family,9
4005,Fantasy,13
4005,Musical,21
4024,Drama,1
4024,Horror,6
4024,Thriller,3
4033,Drama,1
4038,Documentary,11
4048,Action,5
4048,Fantasy,13
4048,Sci-Fi,12
4054,Drama,1
4054,Romance,4
4062,Action,5
4062,Thriller,3
4065,Drama,1
4065,Romance,4
4068,Action,5
4068,Adventure,8
4068,Sci-Fi,12
4068,Thriller,3
4075,Crime,7
4075,Drama,1
4075,Romance,4
4082,Action,5
4082,Drama,1
4082,History,15
4082,War,17
4087,Adventure,8
4087,Drama,1
4087,Family,9
4088,Drama,1
4089,Action,5
4089,Crime,7
4089,Drama,1
4089,History,15
4089,Thriller,3
4100,Drama,1
4100,Romance,4
4104,Action,5
4104,Crime,7
4104,Thriller,3
4106,Comedy,2
4109,Drama,1
4111,Drama,1
4111,Thriller,3
4124,Drama,1
4126,Documentary,11
4129,Drama,1
4154,Action,5
4154,Drama,1
4154,Horror,6
4162,Documentary,11
4162,Comedy,2
4162,Horror,6
4162,Mystery,10
4170,Comedy,2
4170,Drama,1
4172,Drama,1
4172,Sci-Fi,12
4172,Thriller,3
4174,Action,5
4174,Drama,1
4174,War,17
4180,Action,5
4180,Crime,7
4180,Drama,1
4180,Thriller,3
4215,Drama,1
4217,Animation,16
4217,Adventure,8
4217,Comedy,2
4217,Family,9
4226,Drama,1
4226,Romance,4
4239,Action,5
4239,Sci-Fi,12
4239,Thriller,3
4261,Action,5
4261,Drama,1
4261,Horror,6
4261,Thriller,3
4267,Action,5
4267,Crime,7
4267,Mystery,10
4267,Thriller,3
4283,Drama,1
4283,Horror,6
4283,Thriller,3
4303,Action,5
4303,Crime,7
4303,Drama,1
4312,Animation,16
4312,Adventure,8
4312,Comedy,2
4312,Family,9
4312,Fantasy,13
4321,Horror,6
4321,Sci-Fi,12
4321,Thriller,3
4327,Drama,1
4327,Horror,6
4327,Sci-Fi,12
4328,Documentary,11
4331,Drama,1
4341,Comedy,2
4365,Comedy,2
4365,Romance,4
4440,Drama,1
4440,Family,9
4440,Fantasy,13
4442,Drama,1
4442,Film-Noir,24
4444,Comedy,2
4444,Music,18
4444,Romance,4
4448,Comedy,2
4448,Drama,1
4451,Comedy,2
4451,Drama,1
4451,Romance,4
4452,Drama,1
4454,Drama,1
4455,Action,5
4455,Adventure,8
4455,Fantasy,13
4457,Horror,6
4458,Drama,1
4458,Thriller,3
4462,Biography,14
4462,Comedy,2
4462,Drama,1
4463,Action,5
4463,Adventure,8
4463,Sci-Fi,12
4464,Drama,1
4464,Horror,6
4464,Mystery,10
4464,Sci-Fi,12
4464,Thriller,3
4465,Drama,1
4465,Fantasy,13
4465,Horror,6
4465,Mystery,10
4472,Comedy,2
4472,Mystery,10
4472,Romance,4
4472,Thriller,3
4473,Action,5
4473,Adventure,8
4473,Drama,1
4473,Thriller,3
4475,Comedy,2
4475,Drama,1
4476,Drama,1
4476,Horror,6
4476,Mystery,10
4476,Thriller,3
4478,Crime,7
4478,Drama,1
4478,Thriller,3
4493,Biography,14
4493,Comedy,2
4493,Drama,1
4493,History,15
4493,Romance,4
4498,Drama,1
4498,Fantasy,13
4498,Horror,6
4498,Thriller,3
4499,Comedy,2
4499,Drama,1
4499,Romance,4
4500,Documentary,11
4500,Biography,14
4500,Crime,7
4500,Drama,1
4500,Thriller,3
4502,Drama,1
4502,Horror,6
4502,Mystery,10
4502,Thriller,3
4510,Drama,1
4510,Romance,4
4512,Documentary,11
4512,War,17
4513,Drama,1
4513,Film-Noir,24
4516,Comedy,2
4516,Drama,1
4516,Romance,4
4519,Drama,1
4519,Horror,6
4519,Western,20
4520,Drama,1
4523,Comedy,2
4523,Drama,1
4523,Romance,4
4524,Drama,1
4524,Family,9
4524,Musical,21
4524,Romance,4
4527,Drama,1
4527,Thriller,3
4527,War,17
4535,Documentary,11
4536,Drama,1
4536,Mystery,10
4536,Thriller,3
4541,Documentary,11
4541,Drama,1
4542,Action,5
4542,Crime,7
4542,Thriller,3
4543,Drama,1
4543,Thriller,3
4545,Crime,7
4545,Drama,1
4545,Mystery,10
4545,Thriller,3
4551,Adventure,8
4551,Drama,1
4552,Romance,4
4552,Western,20
4555,Adventure,8
4555,Drama,1
4557,Drama,1
4557,Mystery,10
4557,Sci-Fi,12
4557,Thriller,3
4558,Action,5
4558,Drama,1
4562,Biography,14
4562,Crime,7
4562,Drama,1
4562,History,15
4562,Thriller,3
4563,Drama,1
4564,Drama,1
4564,Horror,6
4564,Thriller,3
4565,Fantasy,13
4565,Mystery,10
4565,Thriller,3
4580,Drama,1
4585,Horror,6
4585,Thriller,3
4587,Action,5
4587,Drama,1
4587,Thriller,3
4588,Action,5
4588,Crime,7
4588,Drama,1
4588,Thriller,3
4596,Action,5
4596,Horror,6
4596,Thriller,3
4597,Action,5
4597,Adventure,8
4597,Biography,14
4597,Drama,1
4597,Romance,4
4598,Biography,14
4598,Drama,1
4598,History,15
4601,Documentary,11
4601,Sport,19
4604,Comedy,2
4604,Drama,1
4604,Music,18
4604,Musical,21
4604,Romance,4
4607,Comedy,2
4607,Musical,21
4607,Romance,4
4610,Crime,7
4610,Drama,1
4610,Thriller,3
4612,Drama,1
4612,History,15
4612,Romance,4
4612,War,17
4615,Drama,1
4621,Comedy,2
4621,Drama,1
4623,Drama,1
4624,Biography,14
4624,Crime,7
4624,Drama,1
4624,History,15
4624,Thriller,3
4630,Adventure,8
4630,Drama,1
4630,Family,9
4631,Comedy,2
4631,Crime,7
4631,Horror,6
4631,Thriller,3
4636,Biography,14
4636,Crime,7
4636,Drama,1
4636,History,15
4638,Documentary,11
4638,Biography,14
4639,Comedy,2
4639,Drama,1
4639,Music,18
4639,Romance,4
4642,Action,5
4642,Adventure,8
4642,Comedy,2
4642,Horror,6
4642,Sci-Fi,12
4643,Documentary,11
4643,History,15
4647,Drama,1
4647,Romance,4
4655,Comedy,2
4655,Romance,4
4658,Comedy,2
4658,Drama,1
4664,Comedy,2
4664,Drama,1
4664,Mystery,10
4665,Fantasy,13
4665,Horror,6
4665,Mystery,10
4665,Thriller,3
4676,Horror,6
4676,Mystery,10
4676,Thriller,3
4677,Documentary,11
4677,Biography,14
4677,Mystery,10
4677,War,17
4687,Action,5
4687,Drama,1
4687,Thriller,3
4691,Drama,1
4691,Family,9
4691,Fantasy,13
4697,Biography,14
4697,Drama,1
4697,History,15
4697,War,17
4707,Action,5
4707,Comedy,2
4707,Horror,6
4712,Drama,1
4712,Sport,19
4716,Adventure,8
4716,Drama,1
4716,Horror,6
4718,Biography,14
4718,Comedy,2
4718,Drama,1
4727,Drama,1
4727,Horror,6
4727,Mystery,10
4729,Biography,14
4729,Drama,1
4730,Adventure,8
4730,Drama,1
4734,Action,5
4734,Adventure,8
4734,Thriller,3
4740,Crime,7
4740,Drama,1
4740,Romance,4
4742,Biography,14
4742,Drama,1
4742,War,17
4747,Documentary,11
4747,History,15
4747,War,17
4758,Documentary,11
4758,Comedy,2
4758,Drama,1
4761,Drama,1
4761,History,15
4761,War,17
4771,Biography,14
4771,Drama,1
4803,Drama,1
4803,Horror,6
4803,Sci-Fi,12
4812,Drama,1
4812,Romance,4
4815,Drama,1
4815,Thriller,3
4818,Adventure,8
4818,Biography,14
4818,Drama,1
4818,History,15
4818,Romance,4
4833,Comedy,2
4833,Drama,1
4833,Family,9
4834,Comedy,2
4834,Drama,1
4834,Romance,4
4843,Documentary,11
4843,Adventure,8
4843,Biography,14
4848,Comedy,2
4848,Drama,1
4848,Romance,4
4850,Animation,16
4850,Adventure,8
4850,Drama,1
4856,Action,5
4856,Drama,1
4856,Sport,19
4856,Thriller,3
4858,Drama,1
4858,Sci-Fi,12
4858,Thriller,3
4879,Biography,14
4879,Crime,7
4879,Western,20
4880,Drama,1
4892,Horror,6
4892,Mystery,10
4896,Drama,1
4911,Action,5
4911,Crime,7
4911,Thriller,3
4921,Drama,1
4921,Sci-Fi,12
4921,Thriller,3
4923,Action,5
4923,Comedy,2
4923,Crime,7
4923,Music,18
4923,Romance,4
4923,Thriller,3
4928,Documentary,11
4940,Documentary,11
4940,Comedy,2
4940,History,15
4940,Thriller,3
4945,Drama,1
4945,Horror,6
4945,Mystery,10
4962,Horror,6
4962,Mystery,10
4962,Thriller,3
4981,Documentary,11
4987,Documentary,11
4987,Biography,14
4987,Sport,19
5001,Comedy,2
5002,Biography,14
5002,Drama,1
5002,Music,18
5012,Drama,1
5022,Action,5
5022,Sci-Fi,12
5022,Thriller,3
5025,Drama,1
5025,War,17
5035,Comedy,2
5035,Drama,1
5042,Drama,1
5042,Family,9
5042,Romance,4
5049,Action,5
5049,Adventure,8
5049,Biography,14
5049,Drama,1
5049,History,15
5056,Biography,14
5056,Drama,1
5056,History,15
5056,Sport,19
5059,Comedy,2
5059,Crime,7
5059,Thriller,3
5068,Documentary,11
5069,Comedy,2
5069,Talk-Show,26
5073,Action,5
5073,Adventure,8
5073,Thriller,3
5085,Drama,1
5085,Romance,4
5093,Crime,7
5093,Drama,1
5093,Thriller,3
5095,Comedy,2
5095,Drama,1
5106,Documentary,11
5106,Biography,14
5106,Drama,1
5106,News,23
5108,Crime,7
5108,Horror,6
5108,Thriller,3
5114,Drama,1
5119,Drama,1
5119,Mystery,10
5119,Thriller,3
5119,Western,20
5125,Drama,1
5125,Horror,6
5129,Documentary,11
5129,Sport,19
5131,Drama,1
5136,Horror,6
5136,Mystery,10
5136,Thriller,3
5144,Comedy,2
5144,Drama,1
5144,Romance,4
5148,Action,5
5148,Crime,7
5148,Drama,1
5148,Thriller,3
5157,Adventure,8
5157,Horror,6
5157,Thriller,3
5161,Comedy,2
5161,Drama,1
5161,Romance,4
5162,Sci-Fi,12
5166,Drama,1
5168,Drama,1
5176,Drama,1
5176,Romance,4
5181,Documentary,11
5186,Drama,1
5186,Horror,6
5186,Mystery,10
5186,Thriller,3
5197,Biography,14
5197,Drama,1
5197,History,15
5200,Drama,1
5227,Drama,1
5227,Comedy,2
5232,Drama,1
5232,Music,18
5232,Romance,4
5234,Drama,1
5249,Comedy,2
5249,Drama,1
5249,Romance,4
5254,Documentary,11
5254,Family,9
5254,History,15
5257,Comedy,2
5257,Horror,6
5270,Action,5
5270,Drama,1
5270,Romance,4
5274,Crime,7
5274,Drama,1
5274,Thriller,3
5278,Drama,1
5278,History,15
5278,War,17
5285,Action,5
5285,Horror,6
5285,Sci-Fi,12
5285,Thriller,3
5288,Drama,1
5288,Thriller,3
5290,Documentary,11
5290,Biography,14
5291,Drama,1
5291,Horror,6
5291,Thriller,3
5293,Animation,16
5293,Adventure,8
5293,Comedy,2
5293,Family,9
5293,Fantasy,13
5307,Documentary,11
5314,Crime,7
5314,Drama,1
5316,Drama,1
5316,Horror,6
5316,Mystery,10
5316,Thriller,3
5317,Adventure,8
5317,Drama,1
5317,Horror,6
5317,Thriller,3
5320,Drama,1
5320,Horror,6
5320,Mystery,10
5320,Thriller,3
5322,Drama,1
5324,Horror,6
5333,Biography,14
5333,Drama,1
5333,History,15
5363,Action,5
5363,Crime,7
5363,Thriller,3
5365,Action,5
5365,Crime,7
5365,Drama,1
5365,Thriller,3
5367,Horror,6
5367,Mystery,10
5367,Thriller,3
5377,Drama,1
5381,Comedy,2
5383,Biography,14
5383,Crime,7
5383,Drama,1
5383,Romance,4
5389,Animation,16
5389,Adventure,8
5389,Comedy,2
5389,Family,9
5389,Fantasy,13
5390,Drama,1
5390,Mystery,10
5390,Romance,4
5390,Thriller,3
5394,Action,5
5394,Adventure,8
5394,Comedy,2
5394,Fantasy,13
5394,Horror,6
5394,Mystery,10
5394,Thriller,3
5397,Action,5
5397,Drama,1
5397,Thriller,3
5397,War,17
5446,Documentary,11
5446,Biography,14
5446,Crime,7
5446,Music,18
5446,News,23
5447,Comedy,2
5447,Drama,1
5450,Action,5
5450,Drama,1
5450,History,15
5450,War,17
5455,Drama,1
5455,Romance,4
5457,Horror,6
5457,Mystery,10
5457,Thriller,3
5459,Comedy,2
5459,Drama,1
5459,Romance,4
5466,Drama,1
5483,Mystery,10
5483,Thriller,3
5497,Horror,6
5497,Mystery,10
5497,Thriller,3
5512,Drama,1
5512,Film-Noir,24
5512,Mystery,10
5512,Thriller,3
5518,Drama,1
5519,Comedy,2
5519,Drama,1
5519,Romance,4
5527,Drama,1
5528,Drama,1
5538,Drama,1
5538,Thriller,3
5538,Western,20
5549,Drama,1
5549,Mystery,10
5559,Crime,7
5559,Drama,1
5564,Drama,1
5564,Sci-Fi,12
5564,Thriller,3
5573,Documentary,11
5573,Music,18
5575,Documentary,11
5583,Action,5
5583,Horror,6
5584,Comedy,2
5585,Thriller,3
5588,Drama,1
5588,Thriller,3
5589,Action,5
5589,Drama,1
5590,Drama,1
5590,Romance,4
5593,Biography,14
5593,Drama,1
5593,History,15
5597,Action,5
5597,Adventure,8
5597,Comedy,2
5597,Drama,1
5597,Musical,21
5597,Thriller,3
5597,Western,20
5611,Horror,6
5613,Biography,14
5613,Drama,1
5613,History,15
5613,War,17
5614,Documentary,11
5614,Biography,14
5614,History,15
5618,Action,5
5618,Drama,1
5618,Western,20
5621,Action,5
5621,Drama,1
5621,Thriller,3
5654,Drama,1
5654,War,17
5705,Action,5
5705,Crime,7
5705,Drama,1
5705,History,15
5705,Thriller,3
5712,Documentary,11
5715,Documentary,11
5715,Biography,14
5715,Comedy,2
5715,Music,18
5718,Action,5
5718,Fantasy,13
5718,Horror,6
5718,Mystery,10
5718,Thriller,3
5719,Biography,14
5719,Drama,1
5719,Romance,4
5724,Drama,1
5726,Drama,1
5747,Comedy,2
5752,Documentary,11
5752,Horror,6
5759,Animation,16
5759,Short,22
5759,Family,9
5768,Comedy,2
5768,Horror,6
5768,Sci-Fi,12
5768,Thriller,3
5770,Adventure,8
5770,Biography,14
5770,Drama,1
5770,History,15
5776,Comedy,2
5776,Drama,1
5776,Romance,4
5795,Documentary,11
5796,Horror,6
5796,Mystery,10
5799,Drama,1
5800,Comedy,2
5800,Horror,6
5806,Drama,1
5813,Action,5
5813,Crime,7
5829,Horror,6
5829,Sci-Fi,12
5829,Thriller,3
5838,Drama,1
5838,Thriller,3
5845,Action,5
5845,Drama,1
5845,Sport,19
5856,Drama,1
5856,Horror,6
5862,Drama,1
5862,Romance,4
5877,Drama,1
5878,Drama,1
5878,War,17
5890,Drama,1
5890,Fantasy,13
5890,Horror,6
5890,Mystery,10
5890,Thriller,3
5903,Comedy,2
5903,Horror,6
5918,Drama,1
5918,Romance,4
5920,Drama,1
5920,Music,18
5920,Musical,21
5920,Romance,4
5924,Drama,1
5924,Thriller,3
5929,Drama,1
5929,History,15
5934,Action,5
5934,Adventure,8
5934,Family,9
5934,Sci-Fi,12
5934,Thriller,3
5934,War,17
5940,Drama,1
5940,Thriller,3
5948,Documentary,11
5948,Horror,6
5948,Mystery,10
5948,Thriller,3
5958,Biography,14
5958,Crime,7
5958,Drama,1
5962,Adventure,8
5962,Drama,1
5962,Sci-Fi,12
5962,Thriller,3
5970,Drama,1
5970,Mystery,10
5970,Sci-Fi,12
5979,Biography,14
5979,Drama,1
5982,Documentary,11
5982,Comedy,2
5982,Drama,1
5982,Family,9
5984,Comedy,2
5984,Drama,1
5984,Romance,4
5984,Thriller,3
5992,Documentary,11
5992,Biography,14
5992,History,15
5992,News,23
5997,Action,5
5997,Adventure,8
5997,Drama,1
5997,Romance,4
5997,Western,20
6012,Drama,1
6012,History,15
6012,Sport,19
6015,Horror,6
6027,Comedy,2
6027,Drama,1
6027,Romance,4
6028,Drama,1
6028,Mystery,10
6028,Thriller,3
6032,Biography,14
6032,Drama,1
6032,Thriller,3
6046,Drama,1
6046,Mystery,10
6046,Sci-Fi,12
6050,Crime,7
6050,Drama,1
6061,Comedy,2
6061,Drama,1
6073,Action,5
6073,Drama,1
6081,Drama,1
6122,Drama,1
6135,Drama,1
6135,History,15
6135,Romance,4
6135,Thriller,3
6137,Sci-Fi,12
6137,Thriller,3
6139,Documentary,11
6139,Crime,7
6140,Action,5
6140,Crime,7
6140,Drama,1
6140,Thriller,3
6147,Drama,1
6147,Sport,19
6157,Action,5
6157,Thriller,3
6160,Action,5
6160,Adventure,8
6160,Comedy,2
6160,Horror,6
6160,Sci-Fi,12
6160,Thriller,3
6165,Action,5
6165,Drama,1
6165,Romance,4
6165,Sci-Fi,12
6165,Western,20
6190,Action,5
6190,Drama,1
6190,Thriller,3
6192,Action,5
6192,Crime,7
6192,Drama,1
6192,Mystery,10
6192,Thriller,3
6195,Action,5
6195,Drama,1
6195,Sci-Fi,12
6195,Thriller,3
6200,Animation,16
6200,Short,22
6200,Family,9
6201,Crime,7
6201,Horror,6
6201,Action,5
6201,Thriller,3
6202,Comedy,2
6202,Drama,1
6202,History,15
6205,Documentary,11
6215,Comedy,2
6215,Drama,1
6246,Drama,1
6246,Mystery,10
6260,Animation,16
6260,Comedy,2
6260,Family,9
6262,Drama,1
6262,Sport,19
6280,Documentary,11
6313,Drama,1
6337,Crime,7
6337,Drama,1
6337,Romance,4
6348,Drama,1
6348,Thriller,3
6351,Drama,1
6351,Mystery,10
6351,Thriller,3
6360,Comedy,2
6360,Drama,1
6360,Romance,4
6360,Thriller,3
6376,Horror,6
6376,Sci-Fi,12
6381,Crime,7
6381,Drama,1
6393,Horror,6
6393,Thriller,3
6398,Crime,7
6398,Horror,6
6398,Mystery,10
6398,Thriller,3
6400,Drama,1
6400,Mystery,10
6415,Documentary,11
6415,History,15
6420,Documentary,11
6436,Biography,14
6436,Music,18
6436,Romance,4
6439,Animation,16
6439,Short,22
6439,Adventure,8
6439,Family,9
6448,Comedy,2
6448,Fantasy,13
6460,Drama,1
6460,Thriller,3
6463,Biography,14
6463,Drama,1
6466,Drama,1
6466,Music,18
6466,Romance,4
6482,Drama,1
6491,Biography,14
6491,Comedy,2
6491,Crime,7
6491,Drama,1
6494,Crime,7
6494,Drama,1
6494,History,15
6494,Thriller,3
6494,Western,20
6498,Animation,16
6498,Adventure,8
6498,Family,9
6499,Crime,7
6499,Drama,1
6499,Mystery,10
6499,Thriller,3
6524,Drama,1
6524,Thriller,3
6525,Action,5
6525,Drama,1
6525,Sport,19
6529,Drama,1
6529,Horror,6
6529,Mystery,10
6529,Romance,4
6529,Thriller,3
6560,Drama,1
6560,Fantasy,13
6560,Horror,6
6560,Mystery,10
6560,Thriller,3
6579,Action,5
6579,Crime,7
6579,Drama,1
6579,Mystery,10
6579,Thriller,3
6589,Comedy,2
6589,Drama,1
6598,Drama,1
6601,Documentary,11
6605,Action,5
6605,Adventure,8
6605,Fantasy,13
6614,Action,5
6614,Horror,6
6614,Sci-Fi,12
6617,Drama,1
6617,Horror,6
6676,Drama,1
6676,Thriller,3
6687,Drama,1
6687,Romance,4
6701,Documentary,11
6701,Adventure,8
6726,Comedy,2
6726,Drama,1
6727,Comedy,2
6727,Crime,7
6727,Fantasy,13
6727,Horror,6
6731,Drama,1
6752,Action,5
6752,Adventure,8
6752,Sci-Fi,12
6754,Action,5
6754,Adventure,8
6754,Drama,1
6754,Horror,6
6754,Thriller,3
6763,Action,5
6763,Adventure,8
6772,Biography,14
6772,Drama,1
6774,Action,5
6774,Western,20
6785,Drama,1
6785,Mystery,10
6785,Romance,4
6786,Drama,1
6786,Thriller,3
6798,Adventure,8
6798,Comedy,2
6798,Drama,1
6812,Horror,6
6812,Thriller,3
6850,Comedy,2
6850,Fantasy,13
6850,Romance,4
6859,Crime,7
6859,Drama,1
6859,Fantasy,13
6859,Romance,4
6859,Thriller,3
6867,Drama,1
6867,Mystery,10
6867,Thriller,3
6871,Fantasy,13
6871,Romance,4
6871,Thriller,3
6881,Drama,1
6881,Romance,4
6887,Western,20
6893,Drama,1
6893,Romance,4
6990,Documentary,11
6990,Family,9
6990,History,15
6990,Sport,19
6991,Comedy,2
6991,Drama,1
6991,Romance,4
6992,Adventure,8
6992,Drama,1
6992,History,15
6994,Drama,1
7016,Action,5
7016,Adventure,8
7016,Drama,1
7016,Thriller,3
7016,War,17
7021,Drama,1
7021,History,15
7021,Western,20
7027,Documentary,11
7041,Adventure,8
7041,Drama,1
7041,History,15
7044,Horror,6
7044,Thriller,3
7057,Horror,6
7057,Sci-Fi,12
7058,Documentary,11
7058,Biography,14
7058,Drama,1
7072,Action,5
7072,Adventure,8
7072,Comedy,2
7072,Romance,4
7072,Thriller,3
7072,Western,20
7080,Drama,1
7080,Romance,4
7092,Drama,1
7092,Romance,4
7109,Drama,1
7113,Action,5
7113,Adventure,8
7113,Comedy,2
7113,Crime,7
7115,Drama,1
7115,Mystery,10
7115,Sci-Fi,12
7119,Action,5
7119,Crime,7
7119,Drama,1
7119,Mystery,10
7119,Thriller,3
7137,Drama,1
7150,Documentary,11
7150,Adventure,8
7150,Drama,1
7150,News,23
7154,Drama,1
7160,Comedy,2
7160,Drama,1
7160,Romance,4
7164,Drama,1
7166,Action,5
7166,Crime,7
7166,Mystery,10
7166,Sci-Fi,12
7166,Thriller,3
7173,Drama,1
7177,Comedy,2
7198,Adventure,8
7198,Horror,6
7206,Comedy,2
7210,Action,5
7210,Adventure,8
7210,Sci-Fi,12
7210,Thriller,3
7212,Drama,1
7241,Action,5
7241,Sci-Fi,12
7241,Thriller,3
7248,Action,5
7248,Horror,6
7248,Sci-Fi,12
7248,Thriller,3
7260,Horror,6
7260,Mystery,10
7260,Thriller,3
7266,Comedy,2
7266,Musical,21
7266,Family,9
7272,Animation,16
7272,Action,5
7272,Adventure,8
7272,Sci-Fi,12
7273,Documentary,11
7277,Adventure,8
7277,History,15
7277,Romance,4
7279,Crime,7
7279,Drama,1
7279,Thriller,3
7283,Biography,14
7283,Drama,1
7283,Romance,4
7286,Drama,1
7312,Adventure,8
7312,Drama,1
7312,Family,9
7312,Romance,4
7376,Animation,16
7376,Comedy,2
7376,Family,9
7386,Biography,14
7386,Comedy,2
7386,Drama,1
7386,Family,9
7386,Sport,19
7390,Crime,7
7390,Thriller,3
7390,Horror,6
7395,Action,5
7401,Drama,1
7401,Mystery,10
7401,Romance,4
7401,Thriller,3
7405,Comedy,2
7405,Drama,1
7442,Action,5
7442,Adventure,8
7442,Sci-Fi,12
7442,Thriller,3
7458,Action,5
7458,Adventure,8
7458,Sci-Fi,12
7480,Horror,6
7480,Mystery,10
7490,Biography,14
7490,Drama,1
7490,History,15
7490,Thriller,3
7490,War,17
7507,Comedy,2
7507,Romance,4
7516,Crime,7
7516,Thriller,3
7522,Comedy,2
7522,Drama,1
7522,Musical,21
7522,Romance,4
7583,Drama,1
7583,Horror,6
7583,Sci-Fi,12
7583,Thriller,3
7585,Drama,1
7585,Thriller,3
7649,Crime,7
7649,Drama,1
7649,Mystery,10
7649,Thriller,3
7651,Comedy,2
7651,Drama,1
7657,Comedy,2
7657,Drama,1
7664,Animation,16
7664,Comedy,2
7664,Sci-Fi,12
7664,War,17
7674,Action,5
7674,Crime,7
7674,Drama,1
7674,Thriller,3
7690,Adventure,8
7690,Drama,1
7700,Action,5
7700,Adventure,8
7700,Drama,1
7700,Fantasy,13
7700,Romance,4
7722,Mystery,10
7722,Thriller,3
7725,Drama,1
7725,Romance,4
7748,Horror,6
7748,Mystery,10
7748,Thriller,3
7759,Drama,1
7766,Horror,6
7770,Documentary,11
7807,Drama,1
7807,Horror,6
7807,Thriller,3
7819,Horror,6
7819,Thriller,3
7846,Comedy,2
7846,Thriller,3
7849,Horror,6
7853,Drama,1
7855,Crime,7
7855,Drama,1
7855,Thriller,3
7863,Horror,6
7866,Drama,1
7867,Adventure,8
7867,Drama,1
7874,Crime,7
7874,Drama,1
7894,Thriller,3
7905,Sci-Fi,12
7905,Thriller,3
7908,Action,5
7908,Crime,7
7908,Drama,1
7909,Comedy,2
7909,Drama,1
7909,Romance,4
7915,Drama,1
7915,Thriller,3
7925,Drama,1
7926,Action,5
7926,Drama,1
7926,Thriller,3
7927,Action,5
7927,Drama,1
7935,Action,5
7935,Crime,7
7935,Drama,1
7935,Thriller,3
7986,Drama,1
7986,Thriller,3
8012,Horror,6
8012,Thriller,3
8017,Thriller,3
8032,Action,5
8032,Horror,6
8054,Action,5
8054,Drama,1
8054,Sci-Fi,12
8054,Thriller,3
8058,Crime,7
8058,Drama,1
8060,Drama,1
8060,Horror,6
8060,Mystery,10
8095,Comedy,2
8095,Drama,1
8102,Drama,1
8102,Romance,4
8120,Drama,1
8121,Romance,4
8161,Action,5
8161,Adventure,8
8161,Crime,7
8161,Drama,1
8181,Comedy,2
8181,Drama,1
8181,Romance,4
8261,Drama,1
8261,History,15
8263,Action,5
8263,Adventure,8
8263,Sci-Fi,12
8263,Thriller,3
8303,Crime,7
8303,Thriller,3
8309,Action,5
8309,Adventure,8
8309,Family,9
8333,Adventure,8
8333,Comedy,2
8333,Family,9
8352,Horror,6
8352,Thriller,3
8364,Biography,14
8364,Drama,1
8364,History,15
8364,Romance,4
8377,Documentary,11
8377,History,15
8377,Romance,4
8402,Drama,1
8402,Romance,4
8417,Thriller,3
8430,Action,5
8430,Adventure,8
8430,Family,9
8430,Sci-Fi,12
8430,Thriller,3
8442,Action,5
8442,Comedy,2
8442,Drama,1
8478,Adventure,8
8478,Romance,4
8498,Action,5
8498,Thriller,3
8512,Drama,1
8517,Action,5
8517,Crime,7
8517,Drama,1
8517,Mystery,10
8517,Thriller,3
8559,Drama,1
8567,Drama,1
8567,Mystery,10
8567,Thriller,3
8573,Comedy,2
8573,Family,9
8573,Fantasy,13
8578,Horror,6
8578,Sci-Fi,12
8578,Thriller,3
8587,Drama,1
8597,Comedy,2
8597,Crime,7
8603,Fantasy,13
8603,Horror,6
8603,Mystery,10
8603,Thriller,3
8639,Horror,6
8639,Thriller,3
8657,Comedy,2
8657,Thriller,3
8661,Comedy,2
8703,Drama,1
8703,Romance,4
8729,Drama,1
8743,Comedy,2
8743,Drama,1
8751,Comedy,2
8751,Drama,1
8751,Romance,4
8902,Documentary,11
8902,Biography,14
8902,History,15
8902,Western,20
8975,Action,5
8975,Adventure,8
8975,Sci-Fi,12
8980,Drama,1
8980,History,15
8980,Western,20
9006,Thriller,3
9012,Thriller,3
9038,Drama,1
9038,Thriller,3
9056,Adventure,8
9056,Comedy,2
9056,Drama,1
9056,Family,9
9074,Action,5
9074,Adventure,8
9074,Comedy,2
9074,Romance,4
9107,Drama,1
9149,Thriller,3
9162,Family,9
9182,Horror,6
9187,Action,5
9187,Thriller,3
9203,Crime,7
9203,Drama,1
9216,Biography,14
9216,Drama,1
9216,Sport,19
9217,Fantasy,13
9217,Horror,6
9217,Mystery,10
9217,Thriller,3
9218,Comedy,2
9218,Drama,1
9218,Romance,4
9237,Action,5
9237,Adventure,8
9237,Crime,7
9252,Horror,6
9333,Comedy,2
9333,Romance,4
9343,Action,5
9343,Crime,7
9343,Drama,1
9343,Thriller,3
9363,Action,5
9363,Drama,1
9363,Romance,4
9363,Thriller,3
9363,War,17
9385,Documentary,11
9385,Biography,14
9427,Drama,1
9427,Romance,4
9434,Action,5
9434,Crime,7
9434,Drama,1
9482,Drama,1
9482,History,15
9535,Horror,6
9535,Mystery,10
9535,Thriller,3
9559,Drama,1
9559,Romance,4
9587,Animation,16
9587,Horror,6
9622,Drama,1
9622,Romance,4
9651,Drama,1
9651,Thriller,3
9702,Documentary,11
9702,Action,5
9702,Adventure,8
9702,Drama,1
9715,Horror,6
9715,Mystery,10
9715,Thriller,3
9724,Action,5
9765,Action,5
9765,Adventure,8
9765,Sci-Fi,12
9782,Comedy,2
9782,Drama,1
9806,Comedy,2
9843,Animation,16
9883,Drama,1
9883,Horror,6
9883,Thriller,3
9889,Horror,6
9889,Sci-Fi,12
9943,Drama,1
9963,Documentary,11
9963,Animation,16
9966,Biography,14
9966,Crime,7
9966,Drama,1
9978,Action,5
9978,Thriller,3
9990,Crime,7
9990,Drama,1
9990,Thriller,3
10095,Comedy,2
10095,Horror,6
10106,Action,5
10106,Comedy,2
10106,Crime,7
10217,Adventure,8
10217,Crime,7
10217,Drama,1
10217,Mystery,10
10217,Thriller,3
10229,Crime,7
10229,Drama,1
10229,Thriller,3
10293,Documentary,11
10293,Adventure,8
10293,Biography,14
10293,Drama,1
10326,Comedy,2
10326,Romance,4
10348,Comedy,2
10348,Horror,6
10390,Crime,7
10390,Thriller,3
10434,Drama,1
10434,Mystery,10
10434,Romance,4
10437,Drama,1
10459,Action,5
10459,Crime,7
10459,Thriller,3
10461,Drama,1
10461,Romance,4
10498,Action,5
10498,Crime,7
10498,Mystery,10
10498,Thriller,3
10520,Comedy,2
10520,Drama,1
10520,Romance,4
10528,Action,5
10528,Adventure,8
10528,Family,9
10528,Mystery,10
10581,Action,5
10581,Comedy,2
10581,Crime,7
10605,Animation,16
10605,Adventure,8
10605,Comedy,2
10605,Family,9
10605,Fantasy,13
10667,Drama,1
10669,Drama,1
10700,Thriller,3
10749,Adventure,8
10749,Drama,1
10752,Comedy,2
10752,Drama,1
10752,Romance,4
10765,Drama,1
10879,Comedy,2
10879,Mystery,10
10899,Drama,1
10905,Fantasy,13
10905,History,15
10905,Romance,4
10910,Crime,7
10910,Drama,1
10910,Thriller,3
10987,Thriller,3
10994,Horror,6
10994,Sci-Fi,12
11027,Drama,1
11027,Thriller,3
11068,Fantasy,13
11068,Horror,6
11070,Drama,1
11124,Action,5
11124,Adventure,8
11133,Horror,6
11133,Thriller,3
11164,Drama,1
11164,Romance,4
11164,Sport,19
11232,Adventure,8
11232,Comedy,2
11232,Fantasy,13
11252,Comedy,2
11252,Crime,7
11271,Biography,14
11271,Drama,1
11384,Horror,6
11384,Mystery,10
11398,Documentary,11
11398,Biography,14
11398,Drama,1
11398,News,23
11401,Horror,6
11403,Drama,1
11403,Thriller,3
11469,Thriller,3
11474,Thriller,3
11487,Sci-Fi,12
11493,Comedy,2
11494,Action,5
11494,Horror,6
11494,Thriller,3
11507,Comedy,2
11507,Drama,1
11551,Action,5
11551,Adventure,8
11625,Comedy,2
11625,Family,9
11625,Fantasy,13
11643,Drama,1
11643,Romance,4
11661,Horror,6
11685,Action,5
11685,Adventure,8
11685,Drama,1
11685,Sci-Fi,12
11685,Western,20
11726,Crime,7
11757,Horror,6
11773,Biography,14
11773,Crime,7
11773,Drama,1
11773,Horror,6
11773,Mystery,10
11773,Thriller,3
11805,Action,5
11805,Comedy,2
11805,Fantasy,13
11805,Horror,6
11896,Action,5
11896,Adventure,8
11896,Drama,1
11896,Romance,4
11896,War,17
11897,Action,5
11897,Adventure,8
11897,Sci-Fi,12
11897,Thriller,3
11918,Adventure,8
11918,Comedy,2
11918,Family,9
11918,Fantasy,13
11920,Action,5
11920,Adventure,8
11920,Fantasy,13
11940,Animation,16
11940,Adventure,8
11940,Family,9
11940,Fantasy,13
11940,Music,18
11940,Mystery,10
11957,Comedy,2
11957,Drama,1
12020,Action,5
12020,Thriller,3
12029,Action,5
12029,Adventure,8
12029,Fantasy,13
12029,Sci-Fi,12
12050,Action,5
12050,Drama,1
12050,Thriller,3
12110,Fantasy,13
12110,Horror,6
12119,Comedy,2
12119,Musical,21
12141,Drama,1
12141,Sport,19
12290,Comedy,2
12290,Romance,4
12303,Horror,6
12312,Documentary,11
12312,History,15
12372,Family,9
12401,Crime,7
12401,Drama,1
12401,Horror,6
12401,Mystery,10
12434,Crime,7
12434,Horror,6
12434,Thriller,3
12453,Crime,7
12453,Drama,1
12453,Horror,6
12453,Mystery,10
12453,Romance,4
12453,Thriller,3
12463,Action,5
12463,Sport,19
12463,Thriller,3
12475,Horror,6
12488,Action,5
12488,Thriller,3
12524,Animation,16
12524,Family,9
12530,Comedy,2
12530,Drama,1
12530,Family,9
12530,Romance,4
12533,Action,5
12533,Thriller,3
12764,Family,9
12772,Action,5
12772,Adventure,8
12772,Fantasy,13
12846,Action,5
12846,Thriller,3
12923,Horror,6
12923,Thriller,3
13000,Horror,6
13000,Mystery,10
13088,Horror,6
13088,Thriller,3
13097,Drama,1
13097,Romance,4
13097,War,17
13129,Horror,6
13129,Thriller,3
13138,Family,9
13163,Drama,1
13178,Adventure,8
13178,Sci-Fi,12
13238,Drama,1
13296,Drama,1
13296,Thriller,3
13396,Comedy,2
13396,Romance,4
13490,Horror,6
13490,Sci-Fi,12
13497,Action,5
13497,Thriller,3
13529,Comedy,2
13529,Crime,7
13538,Drama,1
13538,Mystery,10
13538,Thriller,3
13602,Crime,7
13602,Drama,1
13602,Thriller,3
13618,Horror,6
13618,Thriller,3
13733,Crime,7
13733,Drama,1
13733,Mystery,10
13733,Romance,4
13733,Thriller,3
13734,Drama,1
13734,Thriller,3
13855,Action,5
13855,Horror,6
13855,Mystery,10
13855,Thriller,3
13874,Crime,7
13874,Drama,1
13912,Drama,1
13940,Drama,1
14055,Adventure,8
14055,Fantasy,13
14063,Sci-Fi,12
14063,Thriller,3
14065,Drama,1
14110,Drama,1
14110,Horror,6
14110,Thriller,3
14186,Action,5
14186,Crime,7
14186,Drama,1
14186,Romance,4
14193,Comedy,2
14193,Fantasy,13
14193,Horror,6
14220,Horror,6
14251,Drama,1
14251,Sci-Fi,12
14304,Action,5
14304,Drama,1
14304,Mystery,10
14304,Sci-Fi,12
14430,Family,9
14453,Action,5
14453,Sci-Fi,12
14453,Thriller,3
14472,Documentary,11
14472,Biography,14
14611,Horror,6
14611,Sci-Fi,12
14659,Drama,1
14659,Romance,4
14685,Biography,14
14685,Crime,7
14685,Drama,1
14738,Drama,1
14738,Mystery,10
14746,Animation,16
14746,Adventure,8
14746,Comedy,2
14746,Family,9
14746,Fantasy,13
14859,Drama,1
14859,History,15
14859,Thriller,3
14954,Action,5
14954,Comedy,2
14954,Crime,7
14954,Thriller,3
14960,Horror,6
14960,Thriller,3
14989,Drama,1
14989,Sci-Fi,12
15015,Thriller,3
15166,Horror,6
15166,Thriller,3
15277,Action,5
15277,Horror,6
15277,Sci-Fi,12
15277,Thriller,3
15298,Action,5
15298,Adventure,8
15298,War,17
15329,Drama,1
15447,Horror,6
15473,Horror,6
15473,Sci-Fi,12
15473,Thriller,3
15546,Horror,6
15546,Mystery,10
15546,Thriller,3
15590,Horror,6
15697,Action,5
15697,Adventure,8
15697,Biography,14
15697,Drama,1
15697,History,15
15697,Romance,4
15697,War,17
15726,Comedy,2
15726,Horror,6
15787,Horror,6
15787,Sci-Fi,12
15795,Action,5
15795,Crime,7
15795,Thriller,3
15888,Sci-Fi,12
15888,Thriller,3
16089,Drama,1
16133,Comedy,2
16133,Romance,4
16133,Sci-Fi,12
16215,Animation,16
16215,Adventure,8
16215,Drama,1
16215,Family,9
16215,Musical,21
16216,Animation,16
16216,Adventure,8
16216,Comedy,2
16216,Family,9
16216,Fantasy,13
16217,Action,5
16217,Adventure,8
16217,Drama,1
16217,Sci-Fi,12
16219,Animation,16
16219,Adventure,8
16219,Comedy,2
16219,Family,9
16220,Action,5
16220,Adventure,8
16220,Comedy,2
16220,Sci-Fi,12
16221,Animation,16
16221,Adventure,8
16221,Comedy,2
16221,Family,9
16223,Animation,16
16223,Adventure,8
16223,Comedy,2
16223,Family,9
16223,Fantasy,13
16224,Animation,16
16224,Adventure,8
16224,Comedy,2
16224,Family,9
16224,Fantasy,13
16226,Animation,16
16226,Adventure,8
16226,Comedy,2
16226,Crime,7
16226,Family,9
16226,Mystery,10
16229,Action,5
16229,Adventure,8
16229,Comedy,2
16229,Fantasy,13
16229,Sci-Fi,12
16230,Adventure,8
16230,Family,9
16230,Fantasy,13
16230,Romance,4
16231,Animation,16
16231,Adventure,8
16231,Comedy,2
16231,Drama,1
16231,Family,9
16231,Fantasy,13
16234,Animation,16
16234,Adventure,8
16234,Comedy,2
16234,Family,9
16234,Fantasy,13
16235,Animation,16
16235,Action,5
16235,Adventure,8
16235,Family,9
16236,Action,5
16236,Adventure,8
16236,Fantasy,13
16237,Animation,16
16237,Action,5
16237,Adventure,8
16237,Family,9
16237,Fantasy,13
16237,Mystery,10
16238,Animation,16
16238,Action,5
16238,Adventure,8
16238,Family,9
16238,Sci-Fi,12
16239,Action,5
16239,Adventure,8
16239,Fantasy,13
16239,Sci-Fi,12
16241,Action,5
16241,Adventure,8
16241,Sci-Fi,12
16242,Animation,16
16242,Adventure,8
16242,Comedy,2
16242,Family,9
16242,Fantasy,13
16244,Animation,16
16244,Adventure,8
16244,Comedy,2
16244,Family,9
16244,Fantasy,13
16244,Musical,21
16246,Action,5
16246,Adventure,8
16246,Sci-Fi,12
16249,Action,5
16249,Adventure,8
16249,Comedy,2
16249,Sci-Fi,12
16250,Animation,16
16250,Adventure,8
16250,Comedy,2
16250,Family,9
16250,Fantasy,13
16253,Animation,16
16253,Adventure,8
16253,Comedy,2
16253,Family,9
16256,Action,5
16256,Adventure,8
16256,Sci-Fi,12
16258,Animation,16
16258,Adventure,8
16258,Comedy,2
16258,Family,9
16258,Fantasy,13
16261,Animation,16
16261,Adventure,8
16261,Comedy,2
16261,Family,9
16261,Fantasy,13
16263,Adventure,8
16263,Biography,14
16263,Drama,1
16263,Family,9
16263,History,15
16264,Animation,16
16264,Adventure,8
16264,Comedy,2
16264,Family,9
16265,Adventure,8
16265,Drama,1
16265,Family,9
16265,Fantasy,13
16269,Animation,16
16269,Family,9
16269,Fantasy,13
16269,Music,18
16273,Adventure,8
16273,Comedy,2
16273,Drama,1
16273,Family,9
16273,Musical,21
16273,Romance,4
16276,Action,5
16276,Adventure,8
16276,Fantasy,13
16276,Sci-Fi,12
16278,Action,5
16278,Adventure,8
16278,Fantasy,13
16278,Sci-Fi,12
16279,Action,5
16279,Adventure,8
16279,Fantasy,13
16281,Action,5
16281,Adventure,8
16281,Sci-Fi,12
16286,Action,5
16286,Adventure,8
16286,Fantasy,13
16295,Animation,16
16295,Adventure,8
16295,Family,9
16295,Sci-Fi,12
16299,Animation,16
16299,Adventure,8
16299,Comedy,2
16299,Drama,1
16299,Family,9
16299,Fantasy,13
16303,Action,5
16303,Adventure,8
16303,Sci-Fi,12
16305,Animation,16
16305,Adventure,8
16305,Comedy,2
16305,Family,9
16305,Musical,21
16306,Animation,16
16306,Adventure,8
16306,Comedy,2
16306,Family,9
16306,Sport,19
16308,Adventure,8
16308,Comedy,2
16308,Drama,1
16308,Family,9
16309,Adventure,8
16309,Family,9
16309,Fantasy,13
16310,Documentary,11
16313,Adventure,8
16313,Comedy,2
16313,Family,9
16313,Sci-Fi,12
16314,Animation,16
16314,Adventure,8
16314,Family,9
16314,Fantasy,13
16314,Musical,21
16319,Animation,16
16319,Adventure,8
16319,Family,9
16319,Fantasy,13
16321,Adventure,8
16321,Drama,1
16321,Family,9
16324,Action,5
16324,Adventure,8
16324,Sci-Fi,12
16329,Adventure,8
16329,Comedy,2
16329,Family,9
16329,Sci-Fi,12
16332,Adventure,8
16332,Family,9
16332,Fantasy,13
16333,Comedy,2
16333,Family,9
16333,Romance,4
16334,Action,5
16334,Adventure,8
16334,Family,9
16334,Mystery,10
16334,Thriller,3
16338,Biography,14
16338,Drama,1
16338,Sport,19
16344,Comedy,2
16344,Family,9
16344,Fantasy,13
16349,Action,5
16349,Adventure,8
16349,Family,9
16349,Sci-Fi,12
16351,Animation,16
16351,Action,5
16351,Adventure,8
16351,Family,9
16351,Fantasy,13
16351,Sci-Fi,12
16358,Animation,16
16358,Adventure,8
16358,Comedy,2
16358,Family,9
16358,Fantasy,13
16360,Adventure,8
16360,Comedy,2
16360,Crime,7
16360,Family,9
16360,Musical,21
16360,Mystery,10
16361,Adventure,8
16361,Family,9
16366,Adventure,8
16366,Comedy,2
16366,Crime,7
16366,Romance,4
16367,Animation,16
16367,Adventure,8
16367,Family,9
16367,Thriller,3
16368,Adventure,8
16368,Family,9
16368,Fantasy,13
16382,Adventure,8
16382,Family,9
16382,Fantasy,13
16382,Horror,6
16382,Mystery,10
16387,Documentary,11
16387,Family,9
16392,Documentary,11
16395,Comedy,2
16395,Drama,1
16395,Family,9
16395,Fantasy,13
16416,Adventure,8
16416,Family,9
16422,Action,5
16422,Adventure,8
16422,Sci-Fi,12
16422,Thriller,3
16423,Action,5
16423,Drama,1
16423,History,15
16423,War,17
16432,Documentary,11
16451,Adventure,8
16451,Comedy,2
16451,Family,9
16451,Romance,4
16466,Action,5
16466,Adventure,8
16466,Crime,7
16466,Drama,1
16466,Fantasy,13
16466,Sci-Fi,12
16468,Family,9
16468,Comedy,2
16468,Fantasy,13
16482,Animation,16
16482,Action,5
16482,Adventure,8
16482,Family,9
16482,Sci-Fi,12
16513,Animation,16
16513,Short,22
16513,Drama,1
16513,Family,9
16521,Animation,16
16521,Adventure,8
16521,Comedy,2
16521,Family,9
16521,War,17
16522,Adventure,8
16522,Comedy,2
16522,Drama,1
16522,Family,9
16523,Comedy,2
16523,Family,9
16523,Fantasy,13
16523,Horror,6
16523,Mystery,10
16557,Documentary,11
16569,Animation,16
16569,Short,22
16569,Family,9
16569,Fantasy,13
16572,Action,5
16572,Adventure,8
16572,Comedy,2
16572,Drama,1
16572,Family,9
16572,War,17
16608,History,15
16624,Documentary,11
16624,Family,9
16688,Comedy,2
16688,Family,9
16688,Fantasy,13
16688,Musical,21
16694,Drama,1
16723,Documentary,11
16723,Family,9
