,ID,0,1,2,3,4,5,6,7
0,1,Action,Adventure,Sci-Fi,Thriller,,,,
1,2,Action,Sci-Fi,,,,,,
2,3,Action,Adventure,Sci-Fi,,,,,
3,4,Adventure,Comedy,Sci-Fi,,,,,
4,5,Western,,,,,,,
5,6,Animation,Action,Adventure,Family,Sci-Fi,,,
6,9,Action,Adventure,,,,,,
8,11,Crime,Drama,,,,,,
9,12,Comedy,Drama,,,,,,
10,13,Drama,Fantasy,War,,,,,
11,14,Drama,Thriller,,,,,,
12,17,Action,Adventure,,,,,,
14,19,Biography,Drama,History,,,,,
15,20,Drama,Romance,Sci-Fi,,,,,
16,21,Drama,,,,,,,
17,22,Biography,Drama,,,,,,
18,24,Drama,Romance,,,,,,
20,26,Drama,Mystery,Sci-Fi,Thriller,,,,
21,27,Comedy,Drama,Romance,,,,,
22,28,Action,Sci-Fi,Thriller,,,,,
23,30,Drama,Mystery,Sci-Fi,,,,,
24,31,Comedy,Drama,Romance,,,,,
25,32,Crime,Drama,,,,,,
27,34,Animation,Action,Adventure,Comedy,Family,Sci-Fi,,
28,35,Action,Biography,Drama,Sport,,,,
30,37,Action,Crime,Mystery,Sci-Fi,Thriller,,,
33,41,Animation,Comedy,Family,Fantasy,,,,
37,45,Action,Adventure,,,,,,
39,48,Documentary,Biography,Sport,,,,,
42,51,Crime,Drama,Mystery,Thriller,Western,,,
48,59,Action,Drama,Sci-Fi,Thriller,,,,
49,60,Drama,Family,Fantasy,Mystery,,,,
56,67,Biography,Crime,Drama,,,,,
57,69,Action,Crime,Drama,,,,,
58,72,Action,Crime,Drama,Thriller,,,,
63,79,Drama,,,,,,,
67,85,Comedy,Drama,,,,,,
68,86,Action,Drama,War,,,,,
72,91,Biography,Comedy,Drama,,,,,
73,92,Action,Adventure,Drama,Fantasy,Romance,,,
76,96,Biography,Comedy,Drama,,,,,
77,97,Documentary,Sport,Thriller,,,,,
80,101,Comedy,Drama,History,,,,,
86,113,Action,Thriller,,,,,,
88,115,Drama,Romance,,,,,,
90,117,Horror,Music,Thriller,,,,,
91,118,Animation,Action,Adventure,Comedy,Family,Fantasy,,
92,119,Comedy,Drama,Musical,Mystery,Romance,Western,,
93,122,Animation,Action,Adventure,Family,Mystery,,,
101,137,Action,Adventure,Sci-Fi,,,,,
102,138,Biography,Drama,,,,,,
103,140,Animation,Action,Adventure,Comedy,Family,Fantasy,,
104,141,Drama,,,,,,,
105,143,Crime,Drama,,,,,,
106,144,Drama,War,,,,,,
108,146,Crime,Drama,Thriller,,,,,
112,155,Action,Crime,Drama,Thriller,,,,
113,157,Horror,Thriller,,,,,,
114,158,Biography,Drama,History,,,,,
118,164,Horror,Mystery,Thriller,,,,,
119,165,Documentary,War,,,,,,
121,167,Drama,,,,,,,
122,168,Comedy,Drama,,,,,,
123,170,Animation,Drama,Family,War,,,,
124,171,Drama,,,,,,,
126,174,Crime,Drama,,,,,,
129,179,Action,Adventure,Comedy,Romance,Thriller,Western,,
130,180,Drama,Sport,,,,,,
132,182,Animation,Adventure,Comedy,Family,Fantasy,,,
135,187,Action,Adventure,Drama,History,War,,,
137,190,Action,Crime,Drama,Thriller,,,,
140,195,Horror,Mystery,Thriller,,,,,
141,198,Action,Thriller,,,,,,
142,199,Biography,Drama,Romance,,,,,
144,201,Drama,Horror,Sci-Fi,,,,,
145,203,Drama,Western,,,,,,
146,206,Documentary,History,,,,,,
150,211,Drama,Fantasy,Romance,,,,,
151,212,Drama,History,Thriller,,,,,
155,217,Drama,Mystery,Thriller,,,,,
157,220,Action,Adventure,,,,,,
163,227,Action,Thriller,,,,,,
165,229,Comedy,Family,Fantasy,Musical,,,,
169,235,Documentary,,,,,,,
170,236,Action,Crime,Drama,Sci-Fi,Thriller,,,
171,237,Action,Mystery,Thriller,,,,,
172,238,Comedy,Drama,,,,,,
173,241,Documentary,,,,,,,
175,243,Comedy,Drama,Sci-Fi,,,,,
178,249,Animation,Adventure,Comedy,Family,,,,
179,250,Documentary,Short,Crime,War,,,,
184,258,Documentary,Sport,,,,,,
187,261,Horror,Mystery,Thriller,,,,,
188,264,Biography,Drama,History,Thriller,,,,
189,265,Biography,Drama,,,,,,
191,267,Drama,Music,,,,,,
193,269,Action,Biography,Drama,War,,,,
198,275,Action,Thriller,,,,,,
204,288,Crime,Drama,Thriller,,,,,
208,295,Biography,Crime,Drama,Mystery,Thriller,,,
210,298,Horror,Thriller,,,,,,
212,300,Horror,Thriller,,,,,,
213,306,Drama,Romance,,,,,,
214,307,Crime,Drama,Horror,Mystery,Thriller,,,
216,309,Documentary,Biography,,,,,,
217,310,Comedy,Drama,Music,Mystery,,,,
219,320,Action,Crime,Drama,Mystery,Thriller,,,
220,321,Comedy,Drama,,,,,,
221,322,Action,Adventure,Drama,Family,Fantasy,,,
223,324,Animation,Adventure,Comedy,Family,Sci-Fi,Sport,,
225,328,Drama,Mystery,Thriller,,,,,
231,335,Action,Comedy,Crime,,,,,
233,338,Horror,Mystery,,,,,,
235,341,Action,Adventure,Comedy,,,,,
237,343,Action,Drama,Thriller,,,,,
241,348,Horror,Thriller,,,,,,
243,350,Drama,Thriller,,,,,,
249,358,Action,Biography,Drama,History,War,,,
252,361,Drama,,,,,,,
254,366,Drama,,,,,,,
256,368,Biography,Drama,Sport,,,,,
257,369,Drama,,,,,,,
261,377,Comedy,Romance,,,,,,
264,380,Crime,Drama,Horror,Thriller,,,,
265,381,Comedy,Drama,Romance,,,,,
271,389,Biography,Drama,History,Romance,,,,
274,397,Biography,Comedy,Drama,Music,Romance,,,
281,407,Action,Comedy,Thriller,,,,,
284,411,Drama,History,,,,,,
285,413,Action,Adventure,Sci-Fi,,,,,
293,426,Animation,Action,Adventure,Comedy,Family,Sci-Fi,,
294,427,Horror,Mystery,Thriller,,,,,
295,428,Crime,Drama,,,,,,
296,429,Documentary,,,,,,,
297,430,Action,Fantasy,Sci-Fi,Thriller,,,,
298,433,Drama,,,,,,,
299,435,Drama,Romance,,,,,,
303,441,Adventure,Drama,Thriller,,,,,
304,442,Comedy,Drama,Romance,,,,,
309,447,Crime,Drama,Mystery,Thriller,,,,
314,454,Action,Comedy,Crime,Drama,Thriller,,,
323,463,Biography,Drama,Music,,,,,
325,465,Comedy,Romance,,,,,,
328,468,Drama,Fantasy,Horror,Mystery,Thriller,,,
331,472,Drama,Romance,,,,,,
333,476,Comedy,Family,Fantasy,,,,,
334,478,Drama,War,,,,,,
340,486,Action,Fantasy,,,,,,
341,487,Crime,Drama,Mystery,Thriller,,,,
344,491,Animation,Adventure,Comedy,Family,,,,
345,492,Adventure,Crime,Drama,Mystery,Thriller,,,
346,494,Comedy,Drama,Romance,,,,,
351,501,Action,Crime,Drama,Thriller,,,,
353,503,Biography,Drama,Family,Sport,,,,
355,510,Drama,Horror,Mystery,Thriller,,,,
356,512,Biography,Drama,Family,Romance,,,,
358,516,Action,Drama,Romance,Sci-Fi,Thriller,,,
360,520,Action,Drama,Sci-Fi,,,,,
361,523,Drama,History,Thriller,,,,,
362,525,Documentary,History,,,,,,
370,536,Drama,History,Thriller,,,,,
372,539,Documentary,,,,,,,
373,541,Action,Adventure,Fantasy,Sci-Fi,Thriller,,,
375,548,Action,Drama,,,,,,
378,551,Comedy,Drama,,,,,,
379,552,Comedy,,,,,,,
381,554,Action,Comedy,Crime,Thriller,,,,
383,557,Crime,Thriller,,,,,,
388,563,Action,Adventure,Fantasy,Horror,Sci-Fi,Thriller,,
389,564,Action,Thriller,,,,,,
402,586,Drama,Romance,Sport,,,,,
403,587,Drama,,,,,,,
404,588,Action,Drama,Thriller,War,,,,
406,591,Comedy,Drama,Romance,,,,,
407,598,Drama,Fantasy,Horror,Thriller,,,,
408,600,Documentary,,,,,,,
411,603,Comedy,Drama,Romance,,,,,
412,608,Drama,Family,,,,,,
414,610,Documentary,Biography,Sport,,,,,
415,611,Comedy,Sci-Fi,,,,,,
417,614,Biography,Drama,,,,,,
418,615,Action,Crime,Drama,Thriller,,,,
422,620,Action,Crime,Drama,Sci-Fi,,,,
424,622,Drama,,,,,,,
431,636,Biography,Drama,History,War,,,,
432,637,Drama,,,,,,,
434,640,Drama,Romance,War,,,,,
436,645,Horror,Thriller,,,,,,
440,650,Action,Sci-Fi,,,,,,
444,658,Documentary,,,,,,,
445,659,Action,Drama,Sci-Fi,Thriller,,,,
453,672,Horror,Mystery,Thriller,,,,,
460,680,Action,Crime,Thriller,,,,,
461,683,Comedy,Family,,,,,,
462,684,Drama,,,,,,,
472,701,Crime,Mystery,Sci-Fi,Thriller,,,,
473,702,Adventure,Comedy,Drama,Family,Fantasy,,,
475,705,Crime,Drama,Thriller,,,,,
476,706,Drama,,,,,,,
477,707,Comedy,Drama,,,,,,
481,712,Crime,Drama,Horror,Mystery,Thriller,,,
483,716,Comedy,Crime,Drama,Fantasy,Mystery,Thriller,,
484,717,Horror,Thriller,,,,,,
491,728,Animation,Adventure,Comedy,Family,Fantasy,,,
497,737,Action,Adventure,Comedy,Crime,,,,
501,741,Comedy,Drama,Romance,,,,,
503,744,Drama,Thriller,,,,,,
504,745,Drama,Mystery,Romance,Thriller,,,,
507,748,Documentary,Crime,,,,,,
508,749,Comedy,Drama,Romance,,,,,
514,760,Adventure,Drama,Horror,Thriller,,,,
519,769,Comedy,Fantasy,Horror,Thriller,,,,
520,774,Action,Adventure,Sci-Fi,,,,,
524,779,Drama,Fantasy,Horror,Thriller,,,,
531,789,Comedy,,,,,,,
534,795,Action,Adventure,Fantasy,Horror,Sci-Fi,Thriller,,
537,799,Action,Drama,Western,,,,,
540,803,Adventure,Drama,History,,,,,
544,813,Comedy,Drama,,,,,,
549,825,Action,Adventure,Crime,Mystery,Romance,Thriller,,
550,827,Drama,,,,,,,
555,834,Documentary,,,,,,,
556,836,Action,Adventure,Family,Fantasy,Sci-Fi,Thriller,,
566,849,Biography,Drama,History,Romance,,,,
571,857,Documentary,,,,,,,
573,859,Action,Comedy,Crime,Drama,,,,
577,867,Thriller,,,,,,,
579,872,Documentary,Biography,,,,,,
580,873,Comedy,Crime,Romance,Thriller,,,,
587,890,Drama,History,,,,,,
588,892,Action,Adventure,Horror,Sci-Fi,Thriller,,,
592,896,Adventure,Drama,Horror,Mystery,Sci-Fi,Thriller,,
596,903,Comedy,Drama,,,,,,
599,907,Documentary,,,,,,,
600,908,Biography,Drama,Sport,,,,,
601,911,Crime,Drama,Mystery,Thriller,,,,
602,912,Action,Comedy,Crime,,,,,
605,918,Action,Drama,Sci-Fi,Thriller,,,,
606,919,Drama,Romance,,,,,,
609,928,Crime,Drama,Mystery,Sci-Fi,Thriller,,,
618,946,Action,Crime,Drama,,,,,
621,951,Comedy,Drama,War,,,,,
633,978,Drama,Romance,Sci-Fi,,,,,
636,986,Documentary,Biography,,,,,,
640,991,Adventure,Comedy,Family,Fantasy,Horror,,,
647,1004,Biography,Drama,History,Mystery,Romance,War,,
650,1009,Animation,Adventure,Comedy,Family,Fantasy,,,
652,1013,Action,Adventure,Thriller,,,,,
653,1016,Horror,Thriller,,,,,,
662,1036,Drama,Horror,Thriller,,,,,
669,1053,Documentary,,,,,,,
670,1054,Drama,,,,,,,
671,1055,Crime,Drama,Fantasy,Mystery,Thriller,,,
672,1057,Adventure,Family,Fantasy,,,,,
674,1064,Crime,Horror,Mystery,Thriller,,,,
678,1069,Action,,,,,,,
680,1071,Drama,Horror,Mystery,,,,,
683,1076,Crime,Drama,Horror,Thriller,,,,
686,1090,Animation,Short,Comedy,Family,Fantasy,,,
689,1100,Comedy,,,,,,,
695,1114,Crime,Drama,Mystery,Thriller,,,,
697,1118,Comedy,Drama,Romance,,,,,
699,1122,Crime,Mystery,Sci-Fi,Thriller,,,,
700,1124,Action,Comedy,Crime,Thriller,,,,
702,1127,Documentary,,,,,,,
712,1145,Horror,Thriller,,,,,,
714,1152,Action,Drama,Thriller,,,,,
716,1157,Comedy,Drama,,,,,,
725,1171,Comedy,Drama,Romance,,,,,
728,1175,Action,Thriller,,,,,,
729,1177,Drama,Family,,,,,,
733,1190,Documentary,,,,,,,
737,1200,Action,Drama,History,Romance,War,,,
745,1212,Action,Adventure,Drama,Fantasy,,,,
747,1222,Horror,,,,,,,
750,1233,Comedy,Drama,,,,,,
751,1237,Action,Adventure,Crime,Thriller,,,,
754,1241,Action,Adventure,Comedy,,,,,
757,1247,Action,Crime,Drama,Mystery,Thriller,,,
762,1273,Comedy,Family,Romance,,,,,
766,1281,Comedy,Drama,Family,,,,,
769,1290,Comedy,Romance,,,,,,
772,1301,Action,Drama,Sci-Fi,,,,,
776,1321,Comedy,,,,,,,
779,1324,Documentary,Drama,Romance,,,,,
784,1333,Thriller,,,,,,,
789,1347,Documentary,,,,,,,
793,1353,Comedy,Drama,Romance,,,,,
797,1360,Action,Adventure,Drama,Romance,Thriller,,,
799,1365,Biography,Drama,Sport,,,,,
801,1368,Documentary,Comedy,Drama,,,,,
802,1369,Drama,Thriller,,,,,,
808,1387,Horror,Mystery,Thriller,,,,,
818,1409,Horror,Mystery,Thriller,,,,,
822,1420,Horror,,,,,,,
823,1421,Crime,Drama,Mystery,Thriller,,,,
824,1428,Action,Crime,Drama,Thriller,,,,
825,1430,Comedy,Drama,Romance,,,,,
827,1437,Crime,Drama,Mystery,Thriller,,,,
828,1439,Action,Adventure,Drama,History,,,,
834,1449,Comedy,Drama,,,,,,
836,1453,Action,Crime,Drama,Thriller,,,,
837,1456,Crime,Drama,Mystery,Romance,Thriller,,,
838,1457,Action,Drama,History,Horror,Romance,Thriller,War,Western
839,1459,Documentary,,,,,,,
840,1460,Action,Crime,Drama,,,,,
841,1461,Drama,Sci-Fi,,,,,,
843,1471,Action,Thriller,,,,,,
852,1491,Animation,Adventure,Family,Fantasy,,,,
855,1501,Action,Adventure,Family,Fantasy,,,,
860,1523,Animation,Short,Adventure,Family,,,,
872,1552,Crime,Drama,Mystery,,,,,
891,1600,Action,Crime,Drama,Thriller,,,,
893,1607,Action,Adventure,Drama,Fantasy,Sci-Fi,,,
902,1624,Crime,Drama,Thriller,,,,,
912,1660,Crime,Horror,Thriller,,,,,
915,1668,Action,Crime,Thriller,,,,,
921,1688,Drama,Mystery,Thriller,,,,,
922,1689,Action,Adventure,Horror,Sci-Fi,Thriller,,,
923,1690,Horror,Mystery,,,,,,
924,1691,Crime,Horror,Mystery,Thriller,,,,
926,1702,Drama,,,,,,,
927,1704,Comedy,Drama,Romance,,,,,
930,1709,Crime,Drama,Thriller,,,,,
931,1710,Horror,Mystery,Thriller,,,,,
933,1717,Action,Comedy,,,,,,
936,1723,Horror,Thriller,,,,,,
938,1731,Action,Thriller,,,,,,
942,1744,Drama,Fantasy,Horror,Mystery,Thriller,,,
945,1752,Action,Adventure,Comedy,Family,Sci-Fi,,,
950,1766,Documentary,,,,,,,
955,1790,Drama,,,,,,,
957,1802,Drama,History,,,,,,
964,1817,Comedy,Romance,,,,,,
967,1834,Drama,,,,,,,
975,1871,Documentary,,,,,,,
978,1881,Action,Crime,Thriller,,,,,
979,1895,Action,Adventure,Comedy,,,,,
991,1934,Drama,Mystery,Thriller,,,,,
994,1948,Action,Adventure,Fantasy,,,,,
1001,1974,Action,Comedy,,,,,,
1006,2003,Comedy,,,,,,,
1009,2011,Comedy,Drama,Family,Sport,,,,
1011,2017,Crime,Thriller,,,,,,
1016,2036,Action,Adventure,Comedy,Family,Fantasy,,,
1025,2082,Animation,Adventure,Comedy,Family,,,,
1037,2124,Action,Drama,War,,,,,
1038,2129,Crime,Drama,Sci-Fi,,,,,
1042,2141,Action,Crime,Drama,Thriller,,,,
1043,2143,Action,Adventure,Drama,Fantasy,,,,
1045,2146,Adventure,Family,Mystery,,,,,
1048,2164,Documentary,,,,,,,
1049,2166,Documentary,,,,,,,
1055,2197,Thriller,,,,,,,
1057,2206,Crime,Drama,Mystery,Thriller,,,,
1065,2238,Documentary,,,,,,,
1067,2257,Action,,,,,,,
1072,2304,Comedy,,,,,,,
1074,2317,Action,Drama,Horror,Sci-Fi,Thriller,War,,
1075,2320,Documentary,Crime,Drama,Horror,Mystery,,,
1077,2333,Comedy,Drama,Romance,,,,,
1082,2350,Drama,,,,,,,
1083,2357,Comedy,Drama,,,,,,
1086,2361,Documentary,Short,,,,,,
1091,2397,Drama,Horror,Mystery,Thriller,,,,
1092,2398,Horror,,,,,,,
1093,2401,Documentary,,,,,,,
1097,2439,Comedy,Drama,,,,,,
1102,2467,Drama,Sport,,,,,,
1109,2517,Adventure,Comedy,Family,Fantasy,Sci-Fi,,,
1116,2547,Horror,Sci-Fi,Thriller,,,,,
1121,2596,Drama,Romance,,,,,,
1124,2612,Drama,Sci-Fi,Thriller,,,,,
1126,2642,Drama,,,,,,,
1127,2643,Action,Crime,Drama,,,,,
1130,2661,Drama,Fantasy,Mystery,Romance,Thriller,,,
1133,2675,Action,Adventure,Comedy,Crime,Family,Mystery,,
1135,2685,Action,,,,,,,
1137,2691,Drama,Sport,,,,,,
1138,2698,Comedy,Drama,,,,,,
1139,2700,Comedy,,,,,,,
1140,2706,Crime,Drama,,,,,,
1145,2757,Comedy,,,,,,,
1147,2773,Drama,,,,,,,
1149,2808,Action,Adventure,History,,,,,
1153,2839,Action,Crime,,,,,,
1161,2914,Action,Adventure,Fantasy,,,,,
1162,2943,Comedy,Drama,Music,,,,,
1163,2949,Action,Sci-Fi,Thriller,,,,,
1165,2972,Comedy,Crime,Thriller,,,,,
1169,3007,Romance,Comedy,,,,,,
1170,3019,Drama,,,,,,,
1171,3023,Drama,,,,,,,
1187,3188,Comedy,,,,,,,
1191,3234,Horror,Thriller,,,,,,
1197,3325,Animation,Comedy,Family,Fantasy,Sport,,,
1199,3365,Action,Sci-Fi,Thriller,,,,,
1201,3377,Comedy,,,,,,,
1209,3561,Action,Crime,Drama,Thriller,,,,
1210,3563,Comedy,Drama,Thriller,,,,,
1211,3564,Drama,Romance,,,,,,
1213,3566,Action,Adventure,,,,,,
1215,3569,Adventure,Comedy,Fantasy,Sci-Fi,,,,
1216,3570,Drama,Horror,Sci-Fi,,,,,
1219,3576,Adventure,Comedy,Drama,,,,,
1223,3580,Horror,Mystery,Thriller,,,,,
1224,3581,Documentary,Adventure,Sport,,,,,
1225,3582,Comedy,Drama,,,,,,
1230,3588,Animation,Action,Adventure,Family,Fantasy,,,
1232,3590,Action,Adventure,Sci-Fi,,,,,
1233,3592,Comedy,,,,,,,
1234,3593,Mystery,Sci-Fi,Thriller,,,,,
1235,3595,Drama,Horror,Mystery,Sci-Fi,Thriller,,,
1236,3596,Adventure,Drama,Horror,Mystery,Sci-Fi,Thriller,,
1237,3597,Comedy,Crime,,,,,,
1238,3598,Adventure,Horror,Thriller,,,,,
1240,3600,Biography,Comedy,Drama,Sport,,,,
1241,3601,Action,Adventure,Sci-Fi,,,,,
1242,3603,Comedy,Drama,,,,,,
1246,3608,Drama,Fantasy,Horror,Mystery,Thriller,,,
1247,3609,Documentary,Biography,Drama,History,Mystery,,,
1248,3610,Comedy,Crime,Drama,Mystery,Thriller,,,
1249,3612,Animation,Biography,Crime,Drama,Family,Mystery,,
1251,3614,Documentary,Drama,,,,,,
1253,3616,Animation,Adventure,Comedy,Family,Fantasy,,,
1254,3618,Action,Drama,History,Thriller,,,,
1255,3620,Animation,Action,Adventure,Fantasy,Thriller,,,
1257,3624,Adventure,Drama,,,,,,
1260,3628,Crime,Drama,Romance,Thriller,,,,
1261,3629,Action,Adventure,Sci-Fi,Thriller,,,,
1265,3635,Drama,Sport,,,,,,
1268,3638,Documentary,,,,,,,
1269,3639,Comedy,Drama,Western,,,,,
1270,3642,Drama,Romance,,,,,,
1274,3651,Crime,Drama,Western,,,,,
1276,3653,Adventure,Drama,Thriller,,,,,
1279,3657,Drama,Western,,,,,,
1280,3658,Comedy,,,,,,,
1283,3662,Documentary,News,,,,,,
1287,3666,Action,Crime,Drama,Romance,Thriller,,,
1288,3667,Biography,Drama,War,,,,,
1295,3677,Biography,Drama,Family,Music,,,,
1297,3680,Biography,Drama,Romance,,,,,
1299,3682,Documentary,,,,,,,
1300,3683,Comedy,Drama,,,,,,
1301,3684,Crime,Drama,Thriller,,,,,
1302,3685,Action,Biography,Drama,History,Romance,Thriller,War,
1303,3686,Animation,Adventure,Comedy,Family,Fantasy,,,
1305,3688,Comedy,Drama,Romance,,,,,
1307,3690,Crime,Mystery,Thriller,,,,,
1308,3691,Comedy,,,,,,,
1311,3695,Crime,Drama,Thriller,,,,,
1312,3697,Sci-Fi,Thriller,,,,,,
1313,3698,Comedy,Drama,Fantasy,Sci-Fi,Thriller,,,
1314,3699,Drama,Mystery,,,,,,
1315,3700,Horror,Mystery,,,,,,
1317,3705,Drama,Sci-Fi,Thriller,Western,,,,
1318,3706,Drama,Thriller,,,,,,
1319,3707,Comedy,Drama,Romance,,,,,
1321,3709,Biography,Drama,History,Romance,,,,
1326,3715,Drama,Fantasy,Thriller,,,,,
1328,3719,Action,Thriller,,,,,,
1329,3720,Drama,Mystery,Sci-Fi,Thriller,,,,
1330,3722,Crime,Drama,Thriller,,,,,
1332,3724,Horror,Thriller,,,,,,
1333,3725,Comedy,Drama,Music,,,,,
1335,3727,Drama,Mystery,Thriller,,,,,
1337,3729,Biography,Drama,Sport,Thriller,,,,
1339,3731,Drama,,,,,,,
1341,3733,Comedy,Romance,,,,,,
1344,3738,Biography,Drama,History,Thriller,War,,,
1346,3742,Action,Horror,Sci-Fi,Thriller,,,,
1347,3745,Action,Mystery,Thriller,,,,,
1349,3749,Comedy,Drama,,,,,,
1352,3754,Crime,Mystery,Thriller,,,,,
1353,3755,Documentary,Crime,History,,,,,
1358,3760,Drama,,,,,,,
1360,3764,Drama,Fantasy,Romance,,,,,
1361,3766,Biography,Drama,Sport,,,,,
1363,3769,Documentary,Biography,Comedy,History,,,,
1364,3770,Documentary,Music,,,,,,
1367,3773,Crime,Drama,Thriller,,,,,
1371,3779,Action,Crime,Drama,Thriller,,,,
1374,3783,Documentary,,,,,,,
1377,3787,Comedy,Drama,,,,,,
1380,3794,Drama,Romance,,,,,,
1382,3798,Drama,Western,,,,,,
1384,3801,Crime,Mystery,Thriller,,,,,
1389,3806,Adventure,Mystery,Sci-Fi,,,,,
1390,3809,Fantasy,Horror,Thriller,,,,,
1391,3811,Action,Comedy,,,,,,
1392,3812,Horror,Thriller,,,,,,
1395,3816,Documentary,Music,,,,,,
1398,3819,Drama,Horror,Mystery,Thriller,,,,
1400,3822,Drama,Romance,,,,,,
1402,3826,Comedy,Drama,Family,Romance,,,,
1403,3827,Action,Comedy,Crime,Drama,Horror,Thriller,,
1406,3830,Drama,Horror,Mystery,Thriller,,,,
1416,3840,Action,Adventure,Comedy,Horror,Sci-Fi,Thriller,,
1419,3843,Crime,Drama,Western,,,,,
1425,3852,Biography,Drama,History,,,,,
1426,3853,Documentary,Biography,,,,,,
1428,3857,Adventure,Drama,Sci-Fi,War,,,,
1430,3861,Documentary,,,,,,,
1431,3863,Comedy,Drama,Romance,,,,,
1432,3864,Crime,Drama,Thriller,,,,,
1433,3865,Horror,Mystery,Thriller,,,,,
1434,3866,Comedy,Romance,,,,,,
1435,3869,Action,Adventure,Fantasy,Sci-Fi,,,,
1436,3870,Comedy,Drama,,,,,,
1437,3871,Documentary,Music,,,,,,
1439,3873,Comedy,Crime,Drama,,,,,
1442,3876,Comedy,Horror,Thriller,,,,,
1443,3877,Drama,Romance,,,,,,
1445,3879,Drama,Horror,Sci-Fi,,,,,
1446,3881,Documentary,,,,,,,
1447,3882,Drama,Sport,,,,,,
1449,3884,Drama,Sci-Fi,,,,,,
1450,3885,Drama,Romance,,,,,,
1453,3889,Action,Sci-Fi,,,,,,
1455,3892,Drama,,,,,,,
1458,3896,Animation,Adventure,Comedy,Family,Fantasy,,,
1459,3897,Comedy,Romance,,,,,,
1460,3899,Biography,Drama,Music,,,,,
1462,3903,Comedy,Drama,Music,Romance,,,,
1465,3906,Drama,Sci-Fi,,,,,,
1473,3919,Documentary,,,,,,,
1474,3920,Horror,Thriller,,,,,,
1476,3924,Comedy,Crime,,,,,,
1484,3937,Action,Adventure,Drama,Fantasy,Horror,Sci-Fi,Thriller,
1485,3938,Horror,Thriller,,,,,,
1486,3941,Drama,,,,,,,
1487,3942,Drama,Romance,War,,,,,
1491,3946,Horror,Mystery,Sci-Fi,Thriller,,,,
1492,3947,Comedy,Drama,,,,,,
1495,3950,Drama,Horror,Thriller,,,,,
1496,3951,Animation,Adventure,Comedy,Family,Fantasy,,,
1497,3954,Drama,Horror,Thriller,,,,,
1498,3955,Drama,Romance,Thriller,,,,,
1500,3958,Drama,,,,,,,
1503,3962,Documentary,,,,,,,
1507,3972,Drama,Sport,,,,,,
1514,3981,Comedy,Drama,,,,,,
1519,3989,Adventure,Comedy,Crime,Drama,Romance,Western,,
1520,3990,Documentary,Drama,,,,,,
1523,3995,Horror,Thriller,,,,,,
1525,3998,Fantasy,Horror,Sci-Fi,Thriller,,,,
1528,4002,Comedy,Horror,,,,,,
1530,4004,Action,Drama,History,,,,,
1531,4005,Animation,Adventure,Comedy,Family,Fantasy,Musical,,
1542,4024,Drama,Horror,Thriller,,,,,
1549,4033,Drama,,,,,,,
1553,4038,Documentary,,,,,,,
1560,4048,Action,Fantasy,Sci-Fi,,,,,
1565,4054,Drama,Romance,,,,,,
1571,4062,Action,Thriller,,,,,,
1574,4065,Drama,Romance,,,,,,
1577,4068,Action,Adventure,Sci-Fi,Thriller,,,,
1582,4075,Crime,Drama,Romance,,,,,
1588,4082,Action,Drama,History,War,,,,
1590,4087,Adventure,Drama,Family,,,,,
1591,4088,Drama,,,,,,,
1592,4089,Action,Crime,Drama,History,Thriller,,,
1595,4100,Drama,Romance,,,,,,
1597,4104,Action,Crime,Thriller,,,,,
1598,4106,Comedy,,,,,,,
1601,4109,Drama,,,,,,,
1603,4111,Drama,Thriller,,,,,,
1609,4124,Drama,,,,,,,
1610,4126,Documentary,,,,,,,
1611,4129,Drama,,,,,,,
1624,4154,Action,Drama,Horror,,,,,
1629,4162,Documentary,Comedy,Horror,Mystery,,,,
1633,4170,Comedy,Drama,,,,,,
1635,4172,Drama,Sci-Fi,Thriller,,,,,
1637,4174,Action,Drama,War,,,,,
1640,4180,Action,Crime,Drama,Thriller,,,,
1658,4215,Drama,,,,,,,
1660,4217,Animation,Adventure,Comedy,Family,,,,
1664,4226,Drama,Romance,,,,,,
1670,4239,Action,Sci-Fi,Thriller,,,,,
1679,4261,Action,Drama,Horror,Thriller,,,,
1682,4267,Action,Crime,Mystery,Thriller,,,,
1688,4283,Drama,Horror,Thriller,,,,,
1697,4303,Action,Crime,Drama,,,,,
1703,4312,Animation,Adventure,Comedy,Family,Fantasy,,,
1706,4321,Horror,Sci-Fi,Thriller,,,,,
1709,4327,Drama,Horror,Sci-Fi,,,,,
1710,4328,Documentary,,,,,,,
1711,4331,Drama,,,,,,,
1716,4341,Comedy,,,,,,,
1725,4365,Comedy,Romance,,,,,,
1745,4440,Drama,Family,Fantasy,,,,,
1746,4442,Drama,Film-Noir,,,,,,
1747,4444,Comedy,Music,Romance,,,,,
1751,4448,Comedy,Drama,,,,,,
1753,4451,Comedy,Drama,Romance,,,,,
1754,4452,Drama,,,,,,,
1755,4454,Drama,,,,,,,
1756,4455,Action,Adventure,Fantasy,,,,,
1758,4457,Horror,,,,,,,
1759,4458,Drama,Thriller,,,,,,
1761,4462,Biography,Comedy,Drama,,,,,
1762,4463,Action,Adventure,Sci-Fi,,,,,
1763,4464,Drama,Horror,Mystery,Sci-Fi,Thriller,,,
1764,4465,Drama,Fantasy,Horror,Mystery,,,,
1766,4472,Comedy,Mystery,Romance,Thriller,,,,
1767,4473,Action,Adventure,Drama,Thriller,,,,
1768,4475,Comedy,Drama,,,,,,
1769,4476,Drama,Horror,Mystery,Thriller,,,,
1771,4478,Crime,Drama,Thriller,,,,,
1781,4493,Biography,Comedy,Drama,History,Romance,,,
1784,4498,Drama,Fantasy,Horror,Thriller,,,,
1785,4499,Comedy,Drama,Romance,,,,,
1786,4500,Documentary,Biography,Crime,Drama,Thriller,,,
1788,4502,Drama,Horror,Mystery,Thriller,,,,
1791,4510,Drama,Romance,,,,,,
1793,4512,Documentary,War,,,,,,
1794,4513,Drama,Film-Noir,,,,,,
1796,4516,Comedy,Drama,Romance,,,,,
1798,4519,Drama,Horror,Western,,,,,
1799,4520,Drama,,,,,,,
1801,4523,Comedy,Drama,Romance,,,,,
1802,4524,Drama,Family,Musical,Romance,,,,
1804,4527,Drama,Thriller,War,,,,,
1810,4535,Documentary,,,,,,,
1811,4536,Drama,Mystery,Thriller,,,,,
1813,4541,Documentary,Drama,,,,,,
1814,4542,Action,Crime,Thriller,,,,,
1815,4543,Drama,Thriller,,,,,,
1816,4545,Crime,Drama,Mystery,Thriller,,,,
1819,4551,Adventure,Drama,,,,,,
1820,4552,Romance,Western,,,,,,
1823,4555,Adventure,Drama,,,,,,
1824,4557,Drama,Mystery,Sci-Fi,Thriller,,,,
1825,4558,Action,Drama,,,,,,
1828,4562,Biography,Crime,Drama,History,Thriller,,,
1829,4563,Drama,,,,,,,
1830,4564,Drama,Horror,Thriller,,,,,
1831,4565,Fantasy,Mystery,Thriller,,,,,
1839,4580,Drama,,,,,,,
1843,4585,Horror,Thriller,,,,,,
1845,4587,Action,Drama,Thriller,,,,,
1846,4588,Action,Crime,Drama,Thriller,,,,
1850,4596,Action,Horror,Thriller,,,,,
1851,4597,Action,Adventure,Biography,Drama,Romance,,,
1852,4598,Biography,Drama,History,,,,,
1853,4601,Documentary,Sport,,,,,,
1856,4604,Comedy,Drama,Music,Musical,Romance,,,
1858,4607,Comedy,Musical,Romance,,,,,
1859,4610,Crime,Drama,Thriller,,,,,
1860,4612,Drama,History,Romance,War,,,,
1861,4615,Drama,,,,,,,
1863,4621,Comedy,Drama,,,,,,
1864,4623,Drama,,,,,,,
1865,4624,Biography,Crime,Drama,History,Thriller,,,
1869,4630,Adventure,Drama,Family,,,,,
1870,4631,Comedy,Crime,Horror,Thriller,,,,
1872,4636,Biography,Crime,Drama,History,,,,
1873,4638,Documentary,Biography,,,,,,
1874,4639,Comedy,Drama,Music,Romance,,,,
1876,4642,Action,Adventure,Comedy,Horror,Sci-Fi,,,
1877,4643,Documentary,History,,,,,,
1880,4647,Drama,Romance,,,,,,
1886,4655,Comedy,Romance,,,,,,
1887,4658,Comedy,Drama,,,,,,
1888,4664,Comedy,Drama,Mystery,,,,,
1889,4665,Fantasy,Horror,Mystery,Thriller,,,,
1893,4676,Horror,Mystery,Thriller,,,,,
1894,4677,Documentary,Biography,Mystery,War,,,,
1899,4687,Action,Drama,Thriller,,,,,
1900,4691,Drama,Family,Fantasy,,,,,
1902,4697,Biography,Drama,History,War,,,,
1908,4707,Action,Comedy,Horror,,,,,
1910,4712,Drama,Sport,,,,,,
1913,4716,Adventure,Drama,Horror,,,,,
1914,4718,Biography,Comedy,Drama,,,,,
1920,4727,Drama,Horror,Mystery,,,,,
1922,4729,Biography,Drama,,,,,,
1923,4730,Adventure,Drama,,,,,,
1926,4734,Action,Adventure,Thriller,,,,,
1930,4740,Crime,Drama,Romance,,,,,
1931,4742,Biography,Drama,War,,,,,
1932,4747,Documentary,History,War,,,,,
1936,4758,Documentary,Comedy,Drama,,,,,
1937,4761,Drama,History,War,,,,,
1942,4771,Biography,Drama,,,,,,
1953,4803,Drama,Horror,Sci-Fi,,,,,
1955,4812,Drama,Romance,,,,,,
1957,4815,Drama,Thriller,,,,,,
1960,4818,Adventure,Biography,Drama,History,Romance,,,
1968,4833,Comedy,Drama,Family,,,,,
1969,4834,Comedy,Drama,Romance,,,,,
1973,4843,Documentary,Adventure,Biography,,,,,
1974,4848,Comedy,Drama,Romance,,,,,
1975,4850,Animation,Adventure,Drama,,,,,
1978,4856,Action,Drama,Sport,Thriller,,,,
1979,4858,Drama,Sci-Fi,Thriller,,,,,
1986,4879,Biography,Crime,Western,,,,,
1987,4880,Drama,,,,,,,
1992,4892,Horror,Mystery,,,,,,
1993,4896,Drama,,,,,,,
2000,4911,Action,Crime,Thriller,,,,,
2002,4921,Drama,Sci-Fi,Thriller,,,,,
2003,4923,Action,Comedy,Crime,Music,Romance,Thriller,,
2004,4928,Documentary,,,,,,,
2011,4940,Documentary,Comedy,History,Thriller,,,,
2014,4945,Drama,Horror,Mystery,,,,,
2020,4962,Horror,Mystery,Thriller,,,,,
2027,4981,Documentary,,,,,,,
2031,4987,Documentary,Biography,Sport,,,,,
2038,5001,Comedy,,,,,,,
2039,5002,Biography,Drama,Music,,,,,
2044,5012,Drama,,,,,,,
2049,5022,Action,Sci-Fi,Thriller,,,,,
2050,5025,Drama,War,,,,,,
2053,5035,Comedy,Drama,,,,,,
2057,5042,Drama,Family,Romance,,,,,
2061,5049,Action,Adventure,Biography,Drama,History,,,
2065,5056,Biography,Drama,History,Sport,,,,
2066,5059,Comedy,Crime,Thriller,,,,,
2071,5068,Documentary,,,,,,,
2072,5069,Comedy,Talk-Show,,,,,,
2073,5073,Action,Adventure,Thriller,,,,,
2076,5085,Drama,Romance,,,,,,
2079,5093,Crime,Drama,Thriller,,,,,
2081,5095,Comedy,Drama,,,,,,
2086,5106,Documentary,Biography,Drama,News,,,,
2088,5108,Crime,Horror,Thriller,,,,,
2089,5114,Drama,,,,,,,
2091,5119,Drama,Mystery,Thriller,Western,,,,
2092,5125,Drama,Horror,,,,,,
2094,5129,Documentary,Sport,,,,,,
2095,5131,Drama,,,,,,,
2097,5136,Horror,Mystery,Thriller,,,,,
2099,5144,Comedy,Drama,Romance,,,,,
2100,5148,Action,Crime,Drama,Thriller,,,,
2105,5157,Adventure,Horror,Thriller,,,,,
2107,5161,Comedy,Drama,Romance,,,,,
2108,5162,Sci-Fi,,,,,,,
2110,5166,Drama,,,,,,,
2111,5168,Drama,,,,,,,
2115,5176,Drama,Romance,,,,,,
2117,5181,Documentary,,,,,,,
2121,5186,Drama,Horror,Mystery,Thriller,,,,
2126,5197,Biography,Drama,History,,,,,
2127,5200,Drama,,,,,,,
2144,5227,Drama,Comedy,,,,,,
2145,5232,Drama,Music,Romance,,,,,
2146,5234,Drama,,,,,,,
2151,5249,Comedy,Drama,Romance,,,,,
2153,5254,Documentary,Family,History,,,,,
2155,5257,Comedy,Horror,,,,,,
2160,5270,Action,Drama,Romance,,,,,
2162,5274,Crime,Drama,Thriller,,,,,
2164,5278,Drama,History,War,,,,,
2169,5285,Action,Horror,Sci-Fi,Thriller,,,,
2170,5288,Drama,Thriller,,,,,,
2171,5290,Documentary,Biography,,,,,,
2172,5291,Drama,Horror,Thriller,,,,,
2174,5293,Animation,Adventure,Comedy,Family,Fantasy,,,
2180,5307,Documentary,,,,,,,
2182,5314,Crime,Drama,,,,,,
2183,5316,Drama,Horror,Mystery,Thriller,,,,
2184,5317,Adventure,Drama,Horror,Thriller,,,,
2186,5320,Drama,Horror,Mystery,Thriller,,,,
2187,5322,Drama,,,,,,,
2189,5324,Horror,,,,,,,
2192,5333,Biography,Drama,History,,,,,
2200,5363,Action,Crime,Thriller,,,,,
2201,5365,Action,Crime,Drama,Thriller,,,,
2202,5367,Horror,Mystery,Thriller,,,,,
2208,5377,Drama,,,,,,,
2212,5381,Comedy,,,,,,,
2213,5383,Biography,Crime,Drama,Romance,,,,
2216,5389,Animation,Adventure,Comedy,Family,Fantasy,,,
2217,5390,Drama,Mystery,Romance,Thriller,,,,
2219,5394,Action,Adventure,Comedy,Fantasy,Horror,Mystery,Thriller,
2221,5397,Action,Drama,Thriller,War,,,,
2244,5446,Documentary,Biography,Crime,Music,News,,,
2245,5447,Comedy,Drama,,,,,,
2246,5450,Action,Drama,History,War,,,,
2248,5455,Drama,Romance,,,,,,
2249,5457,Horror,Mystery,Thriller,,,,,
2250,5459,Comedy,Drama,Romance,,,,,
2253,5466,Drama,,,,,,,
2259,5483,Mystery,Thriller,,,,,,
2266,5497,Horror,Mystery,Thriller,,,,,
2267,5512,Drama,Film-Noir,Mystery,Thriller,,,,
2271,5518,Drama,,,,,,,
2272,5519,Comedy,Drama,Romance,,,,,
2276,5527,Drama,,,,,,,
2277,5528,Drama,,,,,,,
2281,5538,Drama,Thriller,Western,,,,,
2286,5549,Drama,Mystery,,,,,,
2289,5559,Crime,Drama,,,,,,
2292,5564,Drama,Sci-Fi,Thriller,,,,,
2294,5573,Documentary,Music,,,,,,
2295,5575,Documentary,,,,,,,
2297,5583,Action,Horror,,,,,,
2298,5584,Comedy,,,,,,,
2299,5585,Thriller,,,,,,,
2301,5588,Drama,Thriller,,,,,,
2302,5589,Action,Drama,,,,,,
2303,5590,Drama,Romance,,,,,,
2305,5593,Biography,Drama,History,,,,,
2308,5597,Action,Adventure,Comedy,Drama,Musical,Thriller,Western,
2310,5611,Horror,,,,,,,
2311,5613,Biography,Drama,History,War,,,,
2312,5614,Documentary,Biography,History,,,,,
2316,5618,Action,Drama,Western,,,,,
2319,5621,Action,Drama,Thriller,,,,,
2335,5654,Drama,War,,,,,,
2356,5705,Action,Crime,Drama,History,Thriller,,,
2359,5712,Documentary,,,,,,,
2361,5715,Documentary,Biography,Comedy,Music,,,,
2363,5718,Action,Fantasy,Horror,Mystery,Thriller,,,
2364,5719,Biography,Drama,Romance,,,,,
2365,5724,Drama,,,,,,,
2366,5726,Drama,,,,,,,
2372,5747,Comedy,,,,,,,
2375,5752,Documentary,Horror,,,,,,
2378,5759,Animation,Short,Family,,,,,
2383,5768,Comedy,Horror,Sci-Fi,Thriller,,,,
2384,5770,Adventure,Biography,Drama,History,,,,
2385,5776,Comedy,Drama,Romance,,,,,
2391,5795,Documentary,,,,,,,
2392,5796,Horror,Mystery,,,,,,
2394,5799,Drama,,,,,,,
2395,5800,Comedy,Horror,,,,,,
2396,5806,Drama,,,,,,,
2399,5813,Action,Crime,,,,,,
2405,5829,Horror,Sci-Fi,Thriller,,,,,
2409,5838,Drama,Thriller,,,,,,
2412,5845,Action,Drama,Sport,,,,,
2416,5856,Drama,Horror,,,,,,
2420,5862,Drama,Romance,,,,,,
2426,5877,Drama,,,,,,,
2427,5878,Drama,War,,,,,,
2432,5890,Drama,Fantasy,Horror,Mystery,Thriller,,,
2435,5903,Comedy,Horror,,,,,,
2445,5918,Drama,Romance,,,,,,
2446,5920,Drama,Music,Musical,Romance,,,,
2448,5924,Drama,Thriller,,,,,,
2451,5929,Drama,History,,,,,,
2452,5934,Action,Adventure,Family,Sci-Fi,Thriller,War,,
2456,5940,Drama,Thriller,,,,,,
2457,5948,Documentary,Horror,Mystery,Thriller,,,,
2461,5958,Biography,Crime,Drama,,,,,
2464,5962,Adventure,Drama,Sci-Fi,Thriller,,,,
2467,5970,Drama,Mystery,Sci-Fi,,,,,
2472,5979,Biography,Drama,,,,,,
2474,5982,Documentary,Comedy,Drama,Family,,,,
2475,5984,Comedy,Drama,Romance,Thriller,,,,
2477,5992,Documentary,Biography,History,News,,,,
2479,5997,Action,Adventure,Drama,Romance,Western,,,
2485,6012,Drama,History,Sport,,,,,
2486,6015,Horror,,,,,,,
2493,6027,Comedy,Drama,Romance,,,,,
2494,6028,Drama,Mystery,Thriller,,,,,
2497,6032,Biography,Drama,Thriller,,,,,
2505,6046,Drama,Mystery,Sci-Fi,,,,,
2506,6050,Crime,Drama,,,,,,
2513,6061,Comedy,Drama,,,,,,
2519,6073,Action,Drama,,,,,,
2521,6081,Drama,,,,,,,
2537,6122,Drama,,,,,,,
2543,6135,Drama,History,Romance,Thriller,,,,
2545,6137,Sci-Fi,Thriller,,,,,,
2547,6139,Documentary,Crime,,,,,,
2548,6140,Action,Crime,Drama,Thriller,,,,
2551,6147,Drama,Sport,,,,,,
2555,6157,Action,Thriller,,,,,,
2556,6160,Action,Adventure,Comedy,Horror,Sci-Fi,Thriller,,
2559,6165,Action,Drama,Romance,Sci-Fi,Western,,,
2564,6190,Action,Drama,Thriller,,,,,
2565,6192,Action,Crime,Drama,Mystery,Thriller,,,
2566,6195,Action,Drama,Sci-Fi,Thriller,,,,
2571,6200,Animation,Short,Family,,,,,
2572,6201,Crime,Horror,Action,Thriller,,,,
2573,6202,Comedy,Drama,History,,,,,
2574,6205,Documentary,,,,,,,
2578,6215,Comedy,Drama,,,,,,
2591,6246,Drama,Mystery,,,,,,
2593,6260,Animation,Comedy,Family,,,,,
2594,6262,Drama,Sport,,,,,,
2599,6280,Documentary,,,,,,,
2612,6313,Drama,,,,,,,
2622,6337,Crime,Drama,Romance,,,,,
2628,6348,Drama,Thriller,,,,,,
2629,6351,Drama,Mystery,Thriller,,,,,
2634,6360,Comedy,Drama,Romance,Thriller,,,,
2640,6376,Horror,Sci-Fi,,,,,,
2641,6381,Crime,Drama,,,,,,
2644,6393,Horror,Thriller,,,,,,
2645,6398,Crime,Horror,Mystery,Thriller,,,,
2647,6400,Drama,Mystery,,,,,,
2649,6415,Documentary,History,,,,,,
2651,6420,Documentary,,,,,,,
2659,6436,Biography,Music,Romance,,,,,
2660,6439,Animation,Short,Adventure,Family,,,,
2664,6448,Comedy,Fantasy,,,,,,
2668,6460,Drama,Thriller,,,,,,
2670,6463,Biography,Drama,,,,,,
2671,6466,Drama,Music,Romance,,,,,
2676,6482,Drama,,,,,,,
2680,6491,Biography,Comedy,Crime,Drama,,,,
2681,6494,Crime,Drama,History,Thriller,Western,,,
2682,6498,Animation,Adventure,Family,,,,,
2683,6499,Crime,Drama,Mystery,Thriller,,,,
2687,6524,Drama,Thriller,,,,,,
2688,6525,Action,Drama,Sport,,,,,
2690,6529,Drama,Horror,Mystery,Romance,Thriller,,,
2700,6560,Drama,Fantasy,Horror,Mystery,Thriller,,,
2707,6579,Action,Crime,Drama,Mystery,Thriller,,,
2713,6589,Comedy,Drama,,,,,,
2716,6598,Drama,,,,,,,
2717,6601,Documentary,,,,,,,
2719,6605,Action,Adventure,Fantasy,,,,,
2723,6614,Action,Horror,Sci-Fi,,,,,
2724,6617,Drama,Horror,,,,,,
2744,6676,Drama,Thriller,,,,,,
2750,6687,Drama,Romance,,,,,,
2759,6701,Documentary,Adventure,,,,,,
2765,6726,Comedy,Drama,,,,,,
2766,6727,Comedy,Crime,Fantasy,Horror,,,,
2768,6731,Drama,,,,,,,
2776,6752,Action,Adventure,Sci-Fi,,,,,
2777,6754,Action,Adventure,Drama,Horror,Thriller,,,
2781,6763,Action,Adventure,,,,,,
2785,6772,Biography,Drama,,,,,,
2787,6774,Action,Western,,,,,,
2792,6785,Drama,Mystery,Romance,,,,,
2793,6786,Drama,Thriller,,,,,,
2796,6798,Adventure,Comedy,Drama,,,,,
2801,6812,Horror,Thriller,,,,,,
2813,6850,Comedy,Fantasy,Romance,,,,,
2817,6859,Crime,Drama,Fantasy,Romance,Thriller,,,
2819,6867,Drama,Mystery,Thriller,,,,,
2820,6871,Fantasy,Romance,Thriller,,,,,
2824,6881,Drama,Romance,,,,,,
2827,6887,Western,,,,,,,
2829,6893,Drama,Romance,,,,,,
2861,6990,Documentary,Family,History,Sport,,,,
2862,6991,Comedy,Drama,Romance,,,,,
2863,6992,Adventure,Drama,History,,,,,
2864,6994,Drama,,,,,,,
2868,7016,Action,Adventure,Drama,Thriller,War,,,
2870,7021,Drama,History,Western,,,,,
2873,7027,Documentary,,,,,,,
2874,7041,Adventure,Drama,History,,,,,
2875,7044,Horror,Thriller,,,,,,
2879,7057,Horror,Sci-Fi,,,,,,
2880,7058,Documentary,Biography,Drama,,,,,
2884,7072,Action,Adventure,Comedy,Romance,Thriller,Western,,
2887,7080,Drama,Romance,,,,,,
2890,7092,Drama,Romance,,,,,,
2896,7109,Drama,,,,,,,
2898,7113,Action,Adventure,Comedy,Crime,,,,
2900,7115,Drama,Mystery,Sci-Fi,,,,,
2902,7119,Action,Crime,Drama,Mystery,Thriller,,,
2906,7137,Drama,,,,,,,
2909,7150,Documentary,Adventure,Drama,News,,,,
2910,7154,Drama,,,,,,,
2912,7160,Comedy,Drama,Romance,,,,,
2915,7164,Drama,,,,,,,
2916,7166,Action,Crime,Mystery,Sci-Fi,Thriller,,,
2918,7173,Drama,,,,,,,
2919,7177,Comedy,,,,,,,
2924,7198,Adventure,Horror,,,,,,
2928,7206,Comedy,,,,,,,
2930,7210,Action,Adventure,Sci-Fi,Thriller,,,,
2931,7212,Drama,,,,,,,
2934,7241,Action,Sci-Fi,Thriller,,,,,
2936,7248,Action,Horror,Sci-Fi,Thriller,,,,
2938,7260,Horror,Mystery,Thriller,,,,,
2940,7266,Comedy,Musical,Family,,,,,
2942,7272,Animation,Action,Adventure,Sci-Fi,,,,
2943,7273,Documentary,,,,,,,
2944,7277,Adventure,History,Romance,,,,,
2945,7279,Crime,Drama,Thriller,,,,,
2947,7283,Biography,Drama,Romance,,,,,
2949,7286,Drama,,,,,,,
2955,7312,Adventure,Drama,Family,Romance,,,,
2974,7376,Animation,Comedy,Family,,,,,
2975,7386,Biography,Comedy,Drama,Family,Sport,,,
2977,7390,Crime,Thriller,Horror,,,,,
2979,7395,Action,,,,,,,
2980,7401,Drama,Mystery,Romance,Thriller,,,,
2981,7405,Comedy,Drama,,,,,,
2990,7442,Action,Adventure,Sci-Fi,Thriller,,,,
2993,7458,Action,Adventure,Sci-Fi,,,,,
2997,7480,Horror,Mystery,,,,,,
3001,7490,Biography,Drama,History,Thriller,War,,,
3007,7507,Comedy,Romance,,,,,,
3010,7516,Crime,Thriller,,,,,,
3011,7522,Comedy,Drama,Musical,Romance,,,,
3021,7583,Drama,Horror,Sci-Fi,Thriller,,,,
3022,7585,Drama,Thriller,,,,,,
3032,7649,Crime,Drama,Mystery,Thriller,,,,
3034,7651,Comedy,Drama,,,,,,
3036,7657,Comedy,Drama,,,,,,
3038,7664,Animation,Comedy,Sci-Fi,War,,,,
3041,7674,Action,Crime,Drama,Thriller,,,,
3044,7690,Adventure,Drama,,,,,,
3047,7700,Action,Adventure,Drama,Fantasy,Romance,,,
3054,7722,Mystery,Thriller,,,,,,
3056,7725,Drama,Romance,,,,,,
3061,7748,Horror,Mystery,Thriller,,,,,
3063,7759,Drama,,,,,,,
3064,7766,Horror,,,,,,,
3066,7770,Documentary,,,,,,,
3078,7807,Drama,Horror,Thriller,,,,,
3079,7819,Horror,Thriller,,,,,,
3087,7846,Comedy,Thriller,,,,,,
3088,7849,Horror,,,,,,,
3089,7853,Drama,,,,,,,
3090,7855,Crime,Drama,Thriller,,,,,
3091,7863,Horror,,,,,,,
3092,7866,Drama,,,,,,,
3093,7867,Adventure,Drama,,,,,,
3095,7874,Crime,Drama,,,,,,
3099,7894,Thriller,,,,,,,
3101,7905,Sci-Fi,Thriller,,,,,,
3102,7908,Action,Crime,Drama,,,,,
3103,7909,Comedy,Drama,Romance,,,,,
3105,7915,Drama,Thriller,,,,,,
3107,7925,Drama,,,,,,,
3108,7926,Action,Drama,Thriller,,,,,
3109,7927,Action,Drama,,,,,,
3111,7935,Action,Crime,Drama,Thriller,,,,
3119,7986,Drama,Thriller,,,,,,
3123,8012,Horror,Thriller,,,,,,
3124,8017,Thriller,,,,,,,
3129,8032,Action,Horror,,,,,,
3130,8054,Action,Drama,Sci-Fi,Thriller,,,,
3131,8058,Crime,Drama,,,,,,
3132,8060,Drama,Horror,Mystery,,,,,
3138,8095,Comedy,Drama,,,,,,
3139,8102,Drama,Romance,,,,,,
3143,8120,Drama,,,,,,,
3144,8121,Romance,,,,,,,
3151,8161,Action,Adventure,Crime,Drama,,,,
3153,8181,Comedy,Drama,Romance,,,,,
3166,8261,Drama,History,,,,,,
3167,8263,Action,Adventure,Sci-Fi,Thriller,,,,
3175,8303,Crime,Thriller,,,,,,
3176,8309,Action,Adventure,Family,,,,,
3181,8333,Adventure,Comedy,Family,,,,,
3185,8352,Horror,Thriller,,,,,,
3187,8364,Biography,Drama,History,Romance,,,,
3189,8377,Documentary,History,Romance,,,,,
3193,8402,Drama,Romance,,,,,,
3199,8417,Thriller,,,,,,,
3202,8430,Action,Adventure,Family,Sci-Fi,Thriller,,,
3206,8442,Action,Comedy,Drama,,,,,
3211,8478,Adventure,Romance,,,,,,
3213,8498,Action,Thriller,,,,,,
3219,8512,Drama,,,,,,,
3220,8517,Action,Crime,Drama,Mystery,Thriller,,,
3231,8559,Drama,,,,,,,
3234,8567,Drama,Mystery,Thriller,,,,,
3235,8573,Comedy,Family,Fantasy,,,,,
3236,8578,Horror,Sci-Fi,Thriller,,,,,
3238,8587,Drama,,,,,,,
3240,8597,Comedy,Crime,,,,,,
3242,8603,Fantasy,Horror,Mystery,Thriller,,,,
3248,8639,Horror,Thriller,,,,,,
3252,8657,Comedy,Thriller,,,,,,
3253,8661,Comedy,,,,,,,
3258,8703,Drama,Romance,,,,,,
3262,8729,Drama,,,,,,,
3266,8743,Comedy,Drama,,,,,,
3269,8751,Comedy,Drama,Romance,,,,,
3292,8902,Documentary,Biography,History,Western,,,,
3300,8975,Action,Adventure,Sci-Fi,,,,,
3303,8980,Drama,History,Western,,,,,
3308,9006,Thriller,,,,,,,
3309,9012,Thriller,,,,,,,
3313,9038,Drama,Thriller,,,,,,
3318,9056,Adventure,Comedy,Drama,Family,,,,
3325,9074,Action,Adventure,Comedy,Romance,,,,
3329,9107,Drama,,,,,,,
3332,9149,Thriller,,,,,,,
3333,9162,Family,,,,,,,
3335,9182,Horror,,,,,,,
3336,9187,Action,Thriller,,,,,,
3338,9203,Crime,Drama,,,,,,
3339,9216,Biography,Drama,Sport,,,,,
3340,9217,Fantasy,Horror,Mystery,Thriller,,,,
3341,9218,Comedy,Drama,Romance,,,,,
3344,9237,Action,Adventure,Crime,,,,,
3348,9252,Horror,,,,,,,
3357,9333,Comedy,Romance,,,,,,
3359,9343,Action,Crime,Drama,Thriller,,,,
3361,9363,Action,Drama,Romance,Thriller,War,,,
3365,9385,Documentary,Biography,,,,,,
3372,9427,Drama,Romance,,,,,,
3373,9434,Action,Crime,Drama,,,,,
3380,9482,Drama,History,,,,,,
3385,9535,Horror,Mystery,Thriller,,,,,
3390,9559,Drama,Romance,,,,,,
3391,9587,Animation,Horror,,,,,,
3394,9622,Drama,Romance,,,,,,
3400,9651,Drama,Thriller,,,,,,
3406,9702,Documentary,Action,Adventure,Drama,,,,
3409,9715,Horror,Mystery,Thriller,,,,,
3411,9724,Action,,,,,,,
3418,9765,Action,Adventure,Sci-Fi,,,,,
3422,9782,Comedy,Drama,,,,,,
3426,9806,Comedy,,,,,,,
3429,9843,Animation,,,,,,,
3434,9883,Drama,Horror,Thriller,,,,,
3435,9889,Horror,Sci-Fi,,,,,,
3445,9943,Drama,,,,,,,
3448,9963,Documentary,Animation,,,,,,
3449,9966,Biography,Crime,Drama,,,,,
3451,9978,Action,Thriller,,,,,,
3454,9990,Crime,Drama,Thriller,,,,,
3463,10095,Comedy,Horror,,,,,,
3465,10106,Action,Comedy,Crime,,,,,
3476,10217,Adventure,Crime,Drama,Mystery,Thriller,,,
3477,10229,Crime,Drama,Thriller,,,,,
3483,10293,Documentary,Adventure,Biography,Drama,,,,
3485,10326,Comedy,Romance,,,,,,
3488,10348,Comedy,Horror,,,,,,
3494,10390,Crime,Thriller,,,,,,
3498,10434,Drama,Mystery,Romance,,,,,
3499,10437,Drama,,,,,,,
3501,10459,Action,Crime,Thriller,,,,,
3502,10461,Drama,Romance,,,,,,
3506,10498,Action,Crime,Mystery,Thriller,,,,
3508,10520,Comedy,Drama,Romance,,,,,
3510,10528,Action,Adventure,Family,Mystery,,,,
3520,10581,Action,Comedy,Crime,,,,,
3522,10605,Animation,Adventure,Comedy,Family,Fantasy,,,
3528,10667,Drama,,,,,,,
3529,10669,Drama,,,,,,,
3532,10700,Thriller,,,,,,,
3539,10749,Adventure,Drama,,,,,,
3540,10752,Comedy,Drama,Romance,,,,,
3541,10765,Drama,,,,,,,
3553,10879,Comedy,Mystery,,,,,,
3558,10899,Drama,,,,,,,
3559,10905,Fantasy,History,Romance,,,,,
3561,10910,Crime,Drama,Thriller,,,,,
3570,10987,Thriller,,,,,,,
3571,10994,Horror,Sci-Fi,,,,,,
3573,11027,Drama,Thriller,,,,,,
3578,11068,Fantasy,Horror,,,,,,
3579,11070,Drama,,,,,,,
3586,11124,Action,Adventure,,,,,,
3588,11133,Horror,Thriller,,,,,,
3592,11164,Drama,Romance,Sport,,,,,
3595,11232,Adventure,Comedy,Fantasy,,,,,
3598,11252,Comedy,Crime,,,,,,
3601,11271,Biography,Drama,,,,,,
3613,11384,Horror,Mystery,,,,,,
3615,11398,Documentary,Biography,Drama,News,,,,
3616,11401,Horror,,,,,,,
3617,11403,Drama,Thriller,,,,,,
3627,11469,Thriller,,,,,,,
3628,11474,Thriller,,,,,,,
3630,11487,Sci-Fi,,,,,,,
3631,11493,Comedy,,,,,,,
3632,11494,Action,Horror,Thriller,,,,,
3633,11507,Comedy,Drama,,,,,,
3635,11551,Action,Adventure,,,,,,
3640,11625,Comedy,Family,Fantasy,,,,,
3642,11643,Drama,Romance,,,,,,
3644,11661,Horror,,,,,,,
3649,11685,Action,Adventure,Drama,Sci-Fi,Western,,,
3653,11726,Crime,,,,,,,
3655,11757,Horror,,,,,,,
3656,11773,Biography,Crime,Drama,Horror,Mystery,Thriller,,
3659,11805,Action,Comedy,Fantasy,Horror,,,,
3664,11896,Action,Adventure,Drama,Romance,War,,,
3665,11897,Action,Adventure,Sci-Fi,Thriller,,,,
3670,11918,Adventure,Comedy,Family,Fantasy,,,,
3671,11920,Action,Adventure,Fantasy,,,,,
3673,11940,Animation,Adventure,Family,Fantasy,Music,Mystery,,
3675,11957,Comedy,Drama,,,,,,
3683,12020,Action,Thriller,,,,,,
3685,12029,Action,Adventure,Fantasy,Sci-Fi,,,,
3689,12050,Action,Drama,Thriller,,,,,
3694,12110,Fantasy,Horror,,,,,,
3695,12119,Comedy,Musical,,,,,,
3696,12141,Drama,Sport,,,,,,
3705,12290,Comedy,Romance,,,,,,
3707,12303,Horror,,,,,,,
3709,12312,Documentary,History,,,,,,
3715,12372,Family,,,,,,,
3717,12401,Crime,Drama,Horror,Mystery,,,,
3719,12434,Crime,Horror,Thriller,,,,,
3721,12453,Crime,Drama,Horror,Mystery,Romance,Thriller,,
3723,12463,Action,Sport,Thriller,,,,,
3725,12475,Horror,,,,,,,
3727,12488,Action,Thriller,,,,,,
3729,12524,Animation,Family,,,,,,
3730,12530,Comedy,Drama,Family,Romance,,,,
3731,12533,Action,Thriller,,,,,,
3741,12764,Family,,,,,,,
3743,12772,Action,Adventure,Fantasy,,,,,
3748,12846,Action,Thriller,,,,,,
3754,12923,Horror,Thriller,,,,,,
3762,13000,Horror,Mystery,,,,,,
3771,13088,Horror,Thriller,,,,,,
3773,13097,Drama,Romance,War,,,,,
3775,13129,Horror,Thriller,,,,,,
3776,13138,Family,,,,,,,
3778,13163,Drama,,,,,,,
3780,13178,Adventure,Sci-Fi,,,,,,
3785,13238,Drama,,,,,,,
3792,13296,Drama,Thriller,,,,,,
3801,13396,Comedy,Romance,,,,,,
3808,13490,Horror,Sci-Fi,,,,,,
3809,13497,Action,Thriller,,,,,,
3813,13529,Comedy,Crime,,,,,,
3816,13538,Drama,Mystery,Thriller,,,,,
3819,13602,Crime,Drama,Thriller,,,,,
3820,13618,Horror,Thriller,,,,,,
3825,13733,Crime,Drama,Mystery,Romance,Thriller,,,
3826,13734,Drama,Thriller,,,,,,
3832,13855,Action,Horror,Mystery,Thriller,,,,
3834,13874,Crime,Drama,,,,,,
3835,13912,Drama,,,,,,,
3840,13940,Drama,,,,,,,
3852,14055,Adventure,Fantasy,,,,,,
3853,14063,Sci-Fi,Thriller,,,,,,
3854,14065,Drama,,,,,,,
3860,14110,Drama,Horror,Thriller,,,,,
3867,14186,Action,Crime,Drama,Romance,,,,
3868,14193,Comedy,Fantasy,Horror,,,,,
3870,14220,Horror,,,,,,,
3872,14251,Drama,Sci-Fi,,,,,,
3878,14304,Action,Drama,Mystery,Sci-Fi,,,,
3888,14430,Family,,,,,,,
3889,14453,Action,Sci-Fi,Thriller,,,,,
3891,14472,Documentary,Biography,,,,,,
3898,14611,Horror,Sci-Fi,,,,,,
3902,14659,Drama,Romance,,,,,,
3904,14685,Biography,Crime,Drama,,,,,
3907,14738,Drama,Mystery,,,,,,
3909,14746,Animation,Adventure,Comedy,Family,Fantasy,,,
3915,14859,Drama,History,Thriller,,,,,
3920,14954,Action,Comedy,Crime,Thriller,,,,
3921,14960,Horror,Thriller,,,,,,
3922,14989,Drama,Sci-Fi,,,,,,
3927,15015,Thriller,,,,,,,
3935,15166,Horror,Thriller,,,,,,
3943,15277,Action,Horror,Sci-Fi,Thriller,,,,
3946,15298,Action,Adventure,War,,,,,
3950,15329,Drama,,,,,,,
3961,15447,Horror,,,,,,,
3963,15473,Horror,Sci-Fi,Thriller,,,,,
3970,15546,Horror,Mystery,Thriller,,,,,
3974,15590,Horror,,,,,,,
3982,15697,Action,Adventure,Biography,Drama,History,Romance,War,
3984,15726,Comedy,Horror,,,,,,
3987,15787,Horror,Sci-Fi,,,,,,
3988,15795,Action,Crime,Thriller,,,,,
3994,15888,Sci-Fi,Thriller,,,,,,
3997,16089,Drama,,,,,,,
3998,16133,Comedy,Romance,Sci-Fi,,,,,
4000,16215,Animation,Adventure,Drama,Family,Musical,,,
4001,16216,Animation,Adventure,Comedy,Family,Fantasy,,,
4002,16217,Action,Adventure,Drama,Sci-Fi,,,,
4004,16219,Animation,Adventure,Comedy,Family,,,,
4005,16220,Action,Adventure,Comedy,Sci-Fi,,,,
4006,16221,Animation,Adventure,Comedy,Family,,,,
4008,16223,Animation,Adventure,Comedy,Family,Fantasy,,,
4009,16224,Animation,Adventure,Comedy,Family,Fantasy,,,
4010,16226,Animation,Adventure,Comedy,Crime,Family,Mystery,,
4011,16229,Action,Adventure,Comedy,Fantasy,Sci-Fi,,,
4012,16230,Adventure,Family,Fantasy,Romance,,,,
4013,16231,Animation,Adventure,Comedy,Drama,Family,Fantasy,,
4014,16234,Animation,Adventure,Comedy,Family,Fantasy,,,
4015,16235,Animation,Action,Adventure,Family,,,,
4016,16236,Action,Adventure,Fantasy,,,,,
4017,16237,Animation,Action,Adventure,Family,Fantasy,Mystery,,
4018,16238,Animation,Action,Adventure,Family,Sci-Fi,,,
4019,16239,Action,Adventure,Fantasy,Sci-Fi,,,,
4020,16241,Action,Adventure,Sci-Fi,,,,,
4021,16242,Animation,Adventure,Comedy,Family,Fantasy,,,
4023,16244,Animation,Adventure,Comedy,Family,Fantasy,Musical,,
4025,16246,Action,Adventure,Sci-Fi,,,,,
4028,16249,Action,Adventure,Comedy,Sci-Fi,,,,
4029,16250,Animation,Adventure,Comedy,Family,Fantasy,,,
4031,16253,Animation,Adventure,Comedy,Family,,,,
4034,16256,Action,Adventure,Sci-Fi,,,,,
4036,16258,Animation,Adventure,Comedy,Family,Fantasy,,,
4038,16261,Animation,Adventure,Comedy,Family,Fantasy,,,
4039,16263,Adventure,Biography,Drama,Family,History,,,
4040,16264,Animation,Adventure,Comedy,Family,,,,
4041,16265,Adventure,Drama,Family,Fantasy,,,,
4044,16269,Animation,Family,Fantasy,Music,,,,
4045,16273,Adventure,Comedy,Drama,Family,Musical,Romance,,
4046,16276,Action,Adventure,Fantasy,Sci-Fi,,,,
4047,16278,Action,Adventure,Fantasy,Sci-Fi,,,,
4048,16279,Action,Adventure,Fantasy,,,,,
4050,16281,Action,Adventure,Sci-Fi,,,,,
4052,16286,Action,Adventure,Fantasy,,,,,
4056,16295,Animation,Adventure,Family,Sci-Fi,,,,
4057,16299,Animation,Adventure,Comedy,Drama,Family,Fantasy,,
4060,16303,Action,Adventure,Sci-Fi,,,,,
4061,16305,Animation,Adventure,Comedy,Family,Musical,,,
4062,16306,Animation,Adventure,Comedy,Family,Sport,,,
4064,16308,Adventure,Comedy,Drama,Family,,,,
4065,16309,Adventure,Family,Fantasy,,,,,
4066,16310,Documentary,,,,,,,
4068,16313,Adventure,Comedy,Family,Sci-Fi,,,,
4069,16314,Animation,Adventure,Family,Fantasy,Musical,,,
4072,16319,Animation,Adventure,Family,Fantasy,,,,
4073,16321,Adventure,Drama,Family,,,,,
4075,16324,Action,Adventure,Sci-Fi,,,,,
4079,16329,Adventure,Comedy,Family,Sci-Fi,,,,
4081,16332,Adventure,Family,Fantasy,,,,,
4082,16333,Comedy,Family,Romance,,,,,
4083,16334,Action,Adventure,Family,Mystery,Thriller,,,
4086,16338,Biography,Drama,Sport,,,,,
4090,16344,Comedy,Family,Fantasy,,,,,
4093,16349,Action,Adventure,Family,Sci-Fi,,,,
4095,16351,Animation,Action,Adventure,Family,Fantasy,Sci-Fi,,
4101,16358,Animation,Adventure,Comedy,Family,Fantasy,,,
4103,16360,Adventure,Comedy,Crime,Family,Musical,Mystery,,
4104,16361,Adventure,Family,,,,,,
4109,16366,Adventure,Comedy,Crime,Romance,,,,
4110,16367,Animation,Adventure,Family,Thriller,,,,
4111,16368,Adventure,Family,Fantasy,,,,,
4120,16382,Adventure,Family,Fantasy,Horror,Mystery,,,
4124,16387,Documentary,Family,,,,,,
4126,16392,Documentary,,,,,,,
4128,16395,Comedy,Drama,Family,Fantasy,,,,
4139,16416,Adventure,Family,,,,,,
4143,16422,Action,Adventure,Sci-Fi,Thriller,,,,
4144,16423,Action,Drama,History,War,,,,
4149,16432,Documentary,,,,,,,
4162,16451,Adventure,Comedy,Family,Romance,,,,
4166,16466,Action,Adventure,Crime,Drama,Fantasy,Sci-Fi,,
4168,16468,Family,Comedy,Fantasy,,,,,
4175,16482,Animation,Action,Adventure,Family,Sci-Fi,,,
4192,16513,Animation,Short,Drama,Family,,,,
4195,16521,Animation,Adventure,Comedy,Family,War,,,
4196,16522,Adventure,Comedy,Drama,Family,,,,
4197,16523,Comedy,Family,Fantasy,Horror,Mystery,,,
4207,16557,Documentary,,,,,,,
4209,16569,Animation,Short,Family,Fantasy,,,,
4210,16572,Action,Adventure,Comedy,Drama,Family,War,,
4217,16608,History,,,,,,,
4223,16624,Documentary,Family,,,,,,
4234,16688,Comedy,Family,Fantasy,Musical,,,,
4235,16694,Drama,,,,,,,
4241,16723,Documentary,Family,,,,,,
